REGION;AREA;CABANG;Aspek;Detail Aspek;Total
KANWIL MEDAN;AREA MEDAN 2;CP PRINGGAN;Satpam;Total Satpam (KONDISI 1);85,69444444
KANWIL MEDAN;AREA MEDAN 2;CP PRINGGAN;Satpam;Total Keberadaan Satpam;100
KANWIL MEDAN;AREA MEDAN 2;CP PRINGGAN;Satpam;Total Sikap Satpam Saat Menyambut Nasabah;83,33333333
KANWIL MEDAN;AREA MEDAN 2;CP PRINGGAN;Satpam;TOTAL Sikap Satpam Saat Melayani Nasabah (Menanyakan Formulir, Transaksi, atau Persyaratan Kredit) KONDISI 1;100
KANWIL MEDAN;AREA MEDAN 2;CP PRINGGAN;Satpam;Total Sikap Satpam Saat Nasabah Keluar;37,5
KANWIL MEDAN;AREA MEDAN 2;CP PRINGGAN;Satpam;Total Penampilan Satpam;100
KANWIL MEDAN;AREA MEDAN 2;CP PRINGGAN;Satpam;Total Kegiatan Satpam (KONDISI 1);100
KANWIL MEDAN;AREA MEDAN 2;CP PRINGGAN;Penaksir;Total Penaksir (KONDISI 1);47,22222222
KANWIL MEDAN;AREA MEDAN 2;CP PRINGGAN;Penaksir;TOTAL Sikap Saat Menyambut Nasabah Datang;0
KANWIL MEDAN;AREA MEDAN 2;CP PRINGGAN;Penaksir;TOTAL Penampilan Penaksir;50
KANWIL MEDAN;AREA MEDAN 2;CP PRINGGAN;Penaksir;TOTAL Sikap Penaksir dalam Melayani Nasabah;0
KANWIL MEDAN;AREA MEDAN 2;CP PRINGGAN;Penaksir;TOTAL Skill Penaksir (KONDISI 1);100
KANWIL MEDAN;AREA MEDAN 2;CP PRINGGAN;Penaksir;TOTAL Sikap Saat Mengakhiri Pelayanan;33,33333333
KANWIL MEDAN;AREA MEDAN 2;CP PRINGGAN;Penaksir;TOTAL NEGATIVE CHECKING Kegiatan Penaksir (KONDISI 1);100
KANWIL MEDAN;AREA MEDAN 3;CP PRINGGAN;Kasir;Total Kasir (KONDISI 1);57,73809524
KANWIL MEDAN;AREA MEDAN 4;CP PRINGGAN;Kasir;Total Sikap Saat Menyambut Nasabah Datang;40
KANWIL MEDAN;AREA MEDAN 5;CP PRINGGAN;Kasir;Total Penampilan Kasir;67,85714286
KANWIL MEDAN;AREA MEDAN 6;CP PRINGGAN;Kasir;Total Sikap Kasir dalam Melayani Nasabah;30
KANWIL MEDAN;AREA MEDAN 7;CP PRINGGAN;Kasir;Total Skill Kasir (Transaksi Pelunasan & Gadai);58,57142857
KANWIL MEDAN;AREA MEDAN 8;CP PRINGGAN;Kasir;Total Sikap Saat Mengakhiri Pelayanan;50
KANWIL MEDAN;AREA MEDAN 9;CP PRINGGAN;Kasir;Total Kegiatan Kasir (KONDISI 1);100
KANWIL MEDAN;AREA MEDAN 10;CP PRINGGAN;Kebersihan;Total Kebersihan (KONDISI 1);85,57692308
KANWIL MEDAN;AREA MEDAN 11;CP PRINGGAN;Kebersihan;Total Eksterior Kantor Cabang (TANYAKAN JIKA TERKODE 2 DI AW0);75
KANWIL MEDAN;AREA MEDAN 12;CP PRINGGAN;Kebersihan;Total Interior Kantor Cabang (TANYAKAN JIKA TERKODE 2 DI AW0);96,15384615
KANWIL MEDAN;AREA MEDAN 13;CP PRINGGAN;New Normal;Total New Normal (KONDISI 1);86,11111111
KANWIL MEDAN;AREA MEDAN 14;CP PRINGGAN;New Normal;TOTAL Pelayanan dan Pencegahan oleh Satpam (TANYAKAN JIKA TERKODE 1 DI A1);83,33333333
KANWIL MEDAN;AREA MEDAN 15;CP PRINGGAN;New Normal;Total Fasilitas, Prasarana, dan Sarana;100
KANWIL MEDAN;AREA MEDAN 16;CP PRINGGAN;New Normal;Total Pelayanan dan Pencegahan oleh Karyawan;75
KANWIL MEDAN;AREA MEDAN 17;CP PRINGGAN;Pengelola Agunan;Total Pengelola Agunan (KONDISI 1);57,22222222
KANWIL MEDAN;AREA MEDAN 18;CP PRINGGAN;Pengelola Agunan;Total Sikap Saat Menyambut Nasabah Datang;60
KANWIL MEDAN;AREA MEDAN 19;CP PRINGGAN;Pengelola Agunan;Total Penampilan Pengelola Agunan;66,66666667
KANWIL MEDAN;AREA MEDAN 20;CP PRINGGAN;Pengelola Agunan;Total Sikap Pengelola Agunan dalam Melayani Nasabah;66,66666667
KANWIL MEDAN;AREA MEDAN 21;CP PRINGGAN;Pengelola Agunan;Total Skill Pengelola Agunan;0
KANWIL MEDAN;AREA MEDAN 22;CP PRINGGAN;Pengelola Agunan;Total Sikap yang Dilakukan Pengelola Agunan Saat Mengakhiri Layanan;50
KANWIL MEDAN;AREA MEDAN 23;CP PRINGGAN;Pengelola Agunan;Total Kegiatan Pengelola Agunan (KONDISI 1);100
KANWIL MEDAN;AREA MEDAN 24;CP PRINGGAN;Frontliner;TOTAL FRONTLINER (KONDISI 1) negatif jadi dapat skor ;58,33333333
KANWIL MEDAN;AREA MEDAN 25;CP PRINGGAN;Frontliner;TOTAL Sikap Frontliner/Staff Dalam Menerima Panggilan Telepon (KONDISI 1);83,33333333
KANWIL MEDAN;AREA MEDAN 26;CP PRINGGAN;Frontliner;TOTAL Sikap Saat Melayani di Telepon & Handling Complaint;0
KANWIL MEDAN;AREA MEDAN 27;CP PRINGGAN;Frontliner;TOTAL Sikap Frontliner/Staff Dalam Mengakhiri Panggilan Telepon;50
KANWIL MEDAN;AREA MEDAN 28;CP PRINGGAN;Frontliner;TOTAL Kegiatan Frontliner (KONDISI 1);100
KANWIL MEDAN;AREA MEDAN 29;CP PRINGGAN;RO;Total RO (KONDISI 1);58,33333333
KANWIL MEDAN;AREA MEDAN 30;CP PRINGGAN;RO;Total Sikap Saat Menyambut Nasabah Datang;66,66666667
KANWIL MEDAN;AREA MEDAN 31;CP PRINGGAN;RO;Total Penampilan RO;66,66666667
KANWIL MEDAN;AREA MEDAN 32;CP PRINGGAN;RO;Total Sikap Saat Melayani Nasabah;50
KANWIL MEDAN;AREA MEDAN 33;CP PRINGGAN;RO;Total Skill RO;0
KANWIL MEDAN;AREA MEDAN 34;CP PRINGGAN;RO;Total Sikap yang Dilakukan RO Saat Mengakhiri Layanan;66,66666667
KANWIL MEDAN;AREA MEDAN 35;CP PRINGGAN;RO;Total Kegiatan RO (KONDISI 1);100
KANWIL MEDAN;AREA MEDAN 2;CP SIMPANG LIMUN;Satpam;Total Satpam (KONDISI 1);91,66666667
KANWIL MEDAN;AREA MEDAN 3;CP SIMPANG LIMUN;Satpam;Total Keberadaan Satpam;100
KANWIL MEDAN;AREA MEDAN 4;CP SIMPANG LIMUN;Satpam;Total Sikap Satpam Saat Menyambut Nasabah;100
KANWIL MEDAN;AREA MEDAN 5;CP SIMPANG LIMUN;Satpam;TOTAL Sikap Satpam Saat Melayani Nasabah (Menanyakan Formulir, Transaksi, atau Persyaratan Kredit) KONDISI 1;0
KANWIL MEDAN;AREA MEDAN 6;CP SIMPANG LIMUN;Satpam;Total Sikap Satpam Saat Nasabah Keluar;100
KANWIL MEDAN;AREA MEDAN 7;CP SIMPANG LIMUN;Satpam;Total Penampilan Satpam;100
KANWIL MEDAN;AREA MEDAN 8;CP SIMPANG LIMUN;Satpam;Total Kegiatan Satpam (KONDISI 1);100
KANWIL MEDAN;AREA MEDAN 9;CP SIMPANG LIMUN;Penaksir;Total Penaksir (KONDISI 1);77,77777778
KANWIL MEDAN;AREA MEDAN 10;CP SIMPANG LIMUN;Penaksir;TOTAL Sikap Saat Menyambut Nasabah Datang;75
KANWIL MEDAN;AREA MEDAN 11;CP SIMPANG LIMUN;Penaksir;TOTAL Penampilan Penaksir;66,66666667
KANWIL MEDAN;AREA MEDAN 12;CP SIMPANG LIMUN;Penaksir;TOTAL Sikap Penaksir dalam Melayani Nasabah;50
KANWIL MEDAN;AREA MEDAN 13;CP SIMPANG LIMUN;Penaksir;TOTAL Skill Penaksir (KONDISI 1);100
KANWIL MEDAN;AREA MEDAN 14;CP SIMPANG LIMUN;Penaksir;TOTAL Sikap Saat Mengakhiri Pelayanan;75
KANWIL MEDAN;AREA MEDAN 15;CP SIMPANG LIMUN;Penaksir;TOTAL NEGATIVE CHECKING Kegiatan Penaksir (KONDISI 1);100
KANWIL MEDAN;AREA MEDAN 16;CP SIMPANG LIMUN;Kasir;Total Kasir (KONDISI 1);76,98412698
KANWIL MEDAN;AREA MEDAN 17;CP SIMPANG LIMUN;Kasir;Total Sikap Saat Menyambut Nasabah Datang;60
KANWIL MEDAN;AREA MEDAN 18;CP SIMPANG LIMUN;Kasir;Total Penampilan Kasir;69,04761905
KANWIL MEDAN;AREA MEDAN 19;CP SIMPANG LIMUN;Kasir;Total Sikap Kasir dalam Melayani Nasabah;75
KANWIL MEDAN;AREA MEDAN 20;CP SIMPANG LIMUN;Kasir;Total Skill Kasir (Transaksi Pelunasan & Gadai);82,85714286
KANWIL MEDAN;AREA MEDAN 21;CP SIMPANG LIMUN;Kasir;Total Sikap Saat Mengakhiri Pelayanan;87,5
KANWIL MEDAN;AREA MEDAN 22;CP SIMPANG LIMUN;Kasir;Total Kegiatan Kasir (KONDISI 1);87,5
KANWIL MEDAN;AREA MEDAN 23;CP SIMPANG LIMUN;Kebersihan;Total Kebersihan (KONDISI 1);70,51282051
KANWIL MEDAN;AREA MEDAN 24;CP SIMPANG LIMUN;Kebersihan;Total Eksterior Kantor Cabang (TANYAKAN JIKA TERKODE 2 DI AW0);83,33333333
KANWIL MEDAN;AREA MEDAN 25;CP SIMPANG LIMUN;Kebersihan;Total Interior Kantor Cabang (TANYAKAN JIKA TERKODE 2 DI AW0);57,69230769
KANWIL MEDAN;AREA MEDAN 26;CP SIMPANG LIMUN;New Normal;Total New Normal (KONDISI 1);88,33333333
KANWIL MEDAN;AREA MEDAN 27;CP SIMPANG LIMUN;New Normal;TOTAL Pelayanan dan Pencegahan oleh Satpam (TANYAKAN JIKA TERKODE 1 DI A1);100
KANWIL MEDAN;AREA MEDAN 28;CP SIMPANG LIMUN;New Normal;Total Fasilitas, Prasarana, dan Sarana;90
KANWIL MEDAN;AREA MEDAN 29;CP SIMPANG LIMUN;New Normal;Total Pelayanan dan Pencegahan oleh Karyawan;75
KANWIL MEDAN;AREA MEDAN 30;CP SIMPANG LIMUN;Pengelola Agunan;Total Pengelola Agunan (KONDISI 1);70,27777778
KANWIL MEDAN;AREA MEDAN 31;CP SIMPANG LIMUN;Pengelola Agunan;Total Sikap Saat Menyambut Nasabah Datang;75
KANWIL MEDAN;AREA MEDAN 32;CP SIMPANG LIMUN;Pengelola Agunan;Total Penampilan Pengelola Agunan;66,66666667
KANWIL MEDAN;AREA MEDAN 33;CP SIMPANG LIMUN;Pengelola Agunan;Total Sikap Pengelola Agunan dalam Melayani Nasabah;80
KANWIL MEDAN;AREA MEDAN 34;CP SIMPANG LIMUN;Pengelola Agunan;Total Skill Pengelola Agunan;33,33333333
KANWIL MEDAN;AREA MEDAN 35;CP SIMPANG LIMUN;Pengelola Agunan;Total Sikap yang Dilakukan Pengelola Agunan Saat Mengakhiri Layanan;66,66666667
KANWIL MEDAN;AREA MEDAN 36;CP SIMPANG LIMUN;Pengelola Agunan;Total Kegiatan Pengelola Agunan (KONDISI 1);100
KANWIL MEDAN;AREA MEDAN 37;CP SIMPANG LIMUN;Frontliner;TOTAL FRONTLINER (KONDISI 1) negatif jadi dapat skor ;83,33333333
KANWIL MEDAN;AREA MEDAN 38;CP SIMPANG LIMUN;Frontliner;TOTAL Sikap Frontliner/Staff Dalam Menerima Panggilan Telepon (KONDISI 1);66,66666667
KANWIL MEDAN;AREA MEDAN 39;CP SIMPANG LIMUN;Frontliner;TOTAL Sikap Saat Melayani di Telepon & Handling Complaint;66,66666667
KANWIL MEDAN;AREA MEDAN 40;CP SIMPANG LIMUN;Frontliner;TOTAL Sikap Frontliner/Staff Dalam Mengakhiri Panggilan Telepon;100
KANWIL MEDAN;AREA MEDAN 41;CP SIMPANG LIMUN;Frontliner;TOTAL Kegiatan Frontliner (KONDISI 1);100
KANWIL MEDAN;AREA MEDAN 42;CP SIMPANG LIMUN;RO;Total RO (KONDISI 1);
KANWIL MEDAN;AREA MEDAN 43;CP SIMPANG LIMUN;RO;Total Sikap Saat Menyambut Nasabah Datang;
KANWIL MEDAN;AREA MEDAN 44;CP SIMPANG LIMUN;RO;Total Penampilan RO;
KANWIL MEDAN;AREA MEDAN 45;CP SIMPANG LIMUN;RO;Total Sikap Saat Melayani Nasabah;
KANWIL MEDAN;AREA MEDAN 46;CP SIMPANG LIMUN;RO;Total Skill RO;
KANWIL MEDAN;AREA MEDAN 47;CP SIMPANG LIMUN;RO;Total Sikap yang Dilakukan RO Saat Mengakhiri Layanan;
KANWIL MEDAN;AREA MEDAN 48;CP SIMPANG LIMUN;RO;Total Kegiatan RO (KONDISI 1);
KANWIL MEDAN;AREA MEDAN 2;CP PASAR MERAH;Satpam;Total Satpam (KONDISI 1);92,77777778
KANWIL MEDAN;AREA MEDAN 3;CP PASAR MERAH;Satpam;Total Keberadaan Satpam;100
KANWIL MEDAN;AREA MEDAN 4;CP PASAR MERAH;Satpam;Total Sikap Satpam Saat Menyambut Nasabah;83,33333333
KANWIL MEDAN;AREA MEDAN 5;CP PASAR MERAH;Satpam;TOTAL Sikap Satpam Saat Melayani Nasabah (Menanyakan Formulir, Transaksi, atau Persyaratan Kredit) KONDISI 1;100
KANWIL MEDAN;AREA MEDAN 6;CP PASAR MERAH;Satpam;Total Sikap Satpam Saat Nasabah Keluar;75
KANWIL MEDAN;AREA MEDAN 7;CP PASAR MERAH;Satpam;Total Penampilan Satpam;100
KANWIL MEDAN;AREA MEDAN 8;CP PASAR MERAH;Satpam;Total Kegiatan Satpam (KONDISI 1);100
KANWIL MEDAN;AREA MEDAN 9;CP PASAR MERAH;Penaksir;Total Penaksir (KONDISI 1);86,11111111
KANWIL MEDAN;AREA MEDAN 10;CP PASAR MERAH;Penaksir;TOTAL Sikap Saat Menyambut Nasabah Datang;75
KANWIL MEDAN;AREA MEDAN 11;CP PASAR MERAH;Penaksir;TOTAL Penampilan Penaksir;100
KANWIL MEDAN;AREA MEDAN 12;CP PASAR MERAH;Penaksir;TOTAL Sikap Penaksir dalam Melayani Nasabah;66,66666667
KANWIL MEDAN;AREA MEDAN 13;CP PASAR MERAH;Penaksir;TOTAL Skill Penaksir (KONDISI 1);100
KANWIL MEDAN;AREA MEDAN 14;CP PASAR MERAH;Penaksir;TOTAL Sikap Saat Mengakhiri Pelayanan;100
KANWIL MEDAN;AREA MEDAN 15;CP PASAR MERAH;Penaksir;TOTAL NEGATIVE CHECKING Kegiatan Penaksir (KONDISI 1);75
KANWIL MEDAN;AREA MEDAN 16;CP PASAR MERAH;Kasir;Total Kasir (KONDISI 1);91,30952381
KANWIL MEDAN;AREA MEDAN 17;CP PASAR MERAH;Kasir;Total Sikap Saat Menyambut Nasabah Datang;100
KANWIL MEDAN;AREA MEDAN 18;CP PASAR MERAH;Kasir;Total Penampilan Kasir;100
KANWIL MEDAN;AREA MEDAN 19;CP PASAR MERAH;Kasir;Total Sikap Kasir dalam Melayani Nasabah;90
KANWIL MEDAN;AREA MEDAN 20;CP PASAR MERAH;Kasir;Total Skill Kasir (Transaksi Pelunasan & Gadai);57,85714286
KANWIL MEDAN;AREA MEDAN 21;CP PASAR MERAH;Kasir;Total Sikap Saat Mengakhiri Pelayanan;100
KANWIL MEDAN;AREA MEDAN 22;CP PASAR MERAH;Kasir;Total Kegiatan Kasir (KONDISI 1);100
KANWIL MEDAN;AREA MEDAN 23;CP PASAR MERAH;Kebersihan;Total Kebersihan (KONDISI 1);98,07692308
KANWIL MEDAN;AREA MEDAN 24;CP PASAR MERAH;Kebersihan;Total Eksterior Kantor Cabang (TANYAKAN JIKA TERKODE 2 DI AW0);100
KANWIL MEDAN;AREA MEDAN 25;CP PASAR MERAH;Kebersihan;Total Interior Kantor Cabang (TANYAKAN JIKA TERKODE 2 DI AW0);96,15384615
KANWIL MEDAN;AREA MEDAN 26;CP PASAR MERAH;New Normal;Total New Normal (KONDISI 1);63,33333333
KANWIL MEDAN;AREA MEDAN 27;CP PASAR MERAH;New Normal;TOTAL Pelayanan dan Pencegahan oleh Satpam (TANYAKAN JIKA TERKODE 1 DI A1);50
KANWIL MEDAN;AREA MEDAN 28;CP PASAR MERAH;New Normal;Total Fasilitas, Prasarana, dan Sarana;90
KANWIL MEDAN;AREA MEDAN 29;CP PASAR MERAH;New Normal;Total Pelayanan dan Pencegahan oleh Karyawan;50
KANWIL MEDAN;AREA MEDAN 30;CP PASAR MERAH;Pengelola Agunan;Total Pengelola Agunan (KONDISI 1);16,66666667
KANWIL MEDAN;AREA MEDAN 31;CP PASAR MERAH;Pengelola Agunan;Total Sikap Saat Menyambut Nasabah Datang;0
KANWIL MEDAN;AREA MEDAN 32;CP PASAR MERAH;Pengelola Agunan;Total Penampilan Pengelola Agunan;0
KANWIL MEDAN;AREA MEDAN 33;CP PASAR MERAH;Pengelola Agunan;Total Sikap Pengelola Agunan dalam Melayani Nasabah;0
KANWIL MEDAN;AREA MEDAN 34;CP PASAR MERAH;Pengelola Agunan;Total Skill Pengelola Agunan;0
KANWIL MEDAN;AREA MEDAN 35;CP PASAR MERAH;Pengelola Agunan;Total Sikap yang Dilakukan Pengelola Agunan Saat Mengakhiri Layanan;0
KANWIL MEDAN;AREA MEDAN 36;CP PASAR MERAH;Pengelola Agunan;Total Kegiatan Pengelola Agunan (KONDISI 1);100
KANWIL MEDAN;AREA MEDAN 37;CP PASAR MERAH;Frontliner;TOTAL FRONTLINER (KONDISI 1) negatif jadi dapat skor ;0
KANWIL MEDAN;AREA MEDAN 38;CP PASAR MERAH;Frontliner;TOTAL Sikap Frontliner/Staff Dalam Menerima Panggilan Telepon (KONDISI 1);0
KANWIL MEDAN;AREA MEDAN 39;CP PASAR MERAH;Frontliner;TOTAL Sikap Saat Melayani di Telepon & Handling Complaint;0
KANWIL MEDAN;AREA MEDAN 40;CP PASAR MERAH;Frontliner;TOTAL Sikap Frontliner/Staff Dalam Mengakhiri Panggilan Telepon;0
KANWIL MEDAN;AREA MEDAN 41;CP PASAR MERAH;Frontliner;TOTAL Kegiatan Frontliner (KONDISI 1);0
KANWIL MEDAN;AREA MEDAN 42;CP PASAR MERAH;RO;Total RO (KONDISI 1);
KANWIL MEDAN;AREA MEDAN 43;CP PASAR MERAH;RO;Total Sikap Saat Menyambut Nasabah Datang;
KANWIL MEDAN;AREA MEDAN 44;CP PASAR MERAH;RO;Total Penampilan RO;
KANWIL MEDAN;AREA MEDAN 45;CP PASAR MERAH;RO;Total Sikap Saat Melayani Nasabah;
KANWIL MEDAN;AREA MEDAN 46;CP PASAR MERAH;RO;Total Skill RO;
KANWIL MEDAN;AREA MEDAN 47;CP PASAR MERAH;RO;Total Sikap yang Dilakukan RO Saat Mengakhiri Layanan;
KANWIL MEDAN;AREA MEDAN 48;CP PASAR MERAH;RO;Total Kegiatan RO (KONDISI 1);
KANWIL MEDAN;AREA MEDAN 2;CP MANDALA;Satpam;Total Satpam (KONDISI 1);79,86111111
KANWIL MEDAN;AREA MEDAN 3;CP MANDALA;Satpam;Total Keberadaan Satpam;100
KANWIL MEDAN;AREA MEDAN 4;CP MANDALA;Satpam;Total Sikap Satpam Saat Menyambut Nasabah;58,33333333
KANWIL MEDAN;AREA MEDAN 5;CP MANDALA;Satpam;TOTAL Sikap Satpam Saat Melayani Nasabah (Menanyakan Formulir, Transaksi, atau Persyaratan Kredit) KONDISI 1;100
KANWIL MEDAN;AREA MEDAN 6;CP MANDALA;Satpam;Total Sikap Satpam Saat Nasabah Keluar;37,5
KANWIL MEDAN;AREA MEDAN 7;CP MANDALA;Satpam;Total Penampilan Satpam;100
KANWIL MEDAN;AREA MEDAN 8;CP MANDALA;Satpam;Total Kegiatan Satpam (KONDISI 1);91,66666667
KANWIL MEDAN;AREA MEDAN 9;CP MANDALA;Penaksir;Total Penaksir (KONDISI 1);89,52380952
KANWIL MEDAN;AREA MEDAN 10;CP MANDALA;Penaksir;TOTAL Sikap Saat Menyambut Nasabah Datang;80
KANWIL MEDAN;AREA MEDAN 11;CP MANDALA;Penaksir;TOTAL Penampilan Penaksir;100
KANWIL MEDAN;AREA MEDAN 12;CP MANDALA;Penaksir;TOTAL Sikap Penaksir dalam Melayani Nasabah;57,14285714
KANWIL MEDAN;AREA MEDAN 13;CP MANDALA;Penaksir;TOTAL Skill Penaksir (KONDISI 1);100
KANWIL MEDAN;AREA MEDAN 14;CP MANDALA;Penaksir;TOTAL Sikap Saat Mengakhiri Pelayanan;100
KANWIL MEDAN;AREA MEDAN 15;CP MANDALA;Penaksir;TOTAL NEGATIVE CHECKING Kegiatan Penaksir (KONDISI 1);100
KANWIL MEDAN;AREA MEDAN 16;CP MANDALA;Kasir;Total Kasir (KONDISI 1);78,33333333
KANWIL MEDAN;AREA MEDAN 17;CP MANDALA;Kasir;Total Sikap Saat Menyambut Nasabah Datang;42,5
KANWIL MEDAN;AREA MEDAN 18;CP MANDALA;Kasir;Total Penampilan Kasir;100
KANWIL MEDAN;AREA MEDAN 19;CP MANDALA;Kasir;Total Sikap Kasir dalam Melayani Nasabah;40
KANWIL MEDAN;AREA MEDAN 20;CP MANDALA;Kasir;Total Skill Kasir (Transaksi Pelunasan & Gadai);100
KANWIL MEDAN;AREA MEDAN 21;CP MANDALA;Kasir;Total Sikap Saat Mengakhiri Pelayanan;87,5
KANWIL MEDAN;AREA MEDAN 22;CP MANDALA;Kasir;Total Kegiatan Kasir (KONDISI 1);100
KANWIL MEDAN;AREA MEDAN 23;CP MANDALA;Kebersihan;Total Kebersihan (KONDISI 1);95,83333333
KANWIL MEDAN;AREA MEDAN 24;CP MANDALA;Kebersihan;Total Eksterior Kantor Cabang (TANYAKAN JIKA TERKODE 2 DI AW0);91,66666667
KANWIL MEDAN;AREA MEDAN 25;CP MANDALA;Kebersihan;Total Interior Kantor Cabang (TANYAKAN JIKA TERKODE 2 DI AW0);100
KANWIL MEDAN;AREA MEDAN 26;CP MANDALA;New Normal;Total New Normal (KONDISI 1);76,66666667
KANWIL MEDAN;AREA MEDAN 27;CP MANDALA;New Normal;TOTAL Pelayanan dan Pencegahan oleh Satpam (TANYAKAN JIKA TERKODE 1 DI A1);50
KANWIL MEDAN;AREA MEDAN 28;CP MANDALA;New Normal;Total Fasilitas, Prasarana, dan Sarana;80
KANWIL MEDAN;AREA MEDAN 29;CP MANDALA;New Normal;Total Pelayanan dan Pencegahan oleh Karyawan;100
KANWIL MEDAN;AREA MEDAN 30;CP MANDALA;Pengelola Agunan;Total Pengelola Agunan (KONDISI 1);86,11111111
KANWIL MEDAN;AREA MEDAN 31;CP MANDALA;Pengelola Agunan;Total Sikap Saat Menyambut Nasabah Datang;50
KANWIL MEDAN;AREA MEDAN 32;CP MANDALA;Pengelola Agunan;Total Penampilan Pengelola Agunan;100
KANWIL MEDAN;AREA MEDAN 33;CP MANDALA;Pengelola Agunan;Total Sikap Pengelola Agunan dalam Melayani Nasabah;100
KANWIL MEDAN;AREA MEDAN 34;CP MANDALA;Pengelola Agunan;Total Skill Pengelola Agunan;100
KANWIL MEDAN;AREA MEDAN 35;CP MANDALA;Pengelola Agunan;Total Sikap yang Dilakukan Pengelola Agunan Saat Mengakhiri Layanan;66,66666667
KANWIL MEDAN;AREA MEDAN 36;CP MANDALA;Pengelola Agunan;Total Kegiatan Pengelola Agunan (KONDISI 1);100
KANWIL MEDAN;AREA MEDAN 37;CP MANDALA;Frontliner;TOTAL FRONTLINER (KONDISI 1) negatif jadi dapat skor ;87,5
KANWIL MEDAN;AREA MEDAN 38;CP MANDALA;Frontliner;TOTAL Sikap Frontliner/Staff Dalam Menerima Panggilan Telepon (KONDISI 1);66,66666667
KANWIL MEDAN;AREA MEDAN 39;CP MANDALA;Frontliner;TOTAL Sikap Saat Melayani di Telepon & Handling Complaint;100
KANWIL MEDAN;AREA MEDAN 40;CP MANDALA;Frontliner;TOTAL Sikap Frontliner/Staff Dalam Mengakhiri Panggilan Telepon;83,33333333
KANWIL MEDAN;AREA MEDAN 41;CP MANDALA;Frontliner;TOTAL Kegiatan Frontliner (KONDISI 1);100
KANWIL MEDAN;AREA MEDAN 42;CP MANDALA;RO;Total RO (KONDISI 1);70,83333333
KANWIL MEDAN;AREA MEDAN 43;CP MANDALA;RO;Total Sikap Saat Menyambut Nasabah Datang;75
KANWIL MEDAN;AREA MEDAN 44;CP MANDALA;RO;Total Penampilan RO;100
KANWIL MEDAN;AREA MEDAN 45;CP MANDALA;RO;Total Sikap Saat Melayani Nasabah;50
KANWIL MEDAN;AREA MEDAN 46;CP MANDALA;RO;Total Skill RO;50
KANWIL MEDAN;AREA MEDAN 47;CP MANDALA;RO;Total Sikap yang Dilakukan RO Saat Mengakhiri Layanan;50
KANWIL MEDAN;AREA MEDAN 48;CP MANDALA;RO;Total Kegiatan RO (KONDISI 1);100
KANWIL MEDAN;AREA MEDAN 1;CPS AR.HAKIM;Satpam;Total Satpam (KONDISI 1);84,02777778
KANWIL MEDAN;AREA MEDAN 2;CPS AR.HAKIM;Satpam;Total Keberadaan Satpam;100
KANWIL MEDAN;AREA MEDAN 3;CPS AR.HAKIM;Satpam;Total Sikap Satpam Saat Menyambut Nasabah;83,33333333
KANWIL MEDAN;AREA MEDAN 4;CPS AR.HAKIM;Satpam;TOTAL Sikap Satpam Saat Melayani Nasabah (Menanyakan Formulir, Transaksi, atau Persyaratan Kredit) KONDISI 1;0
KANWIL MEDAN;AREA MEDAN 5;CPS AR.HAKIM;Satpam;Total Sikap Satpam Saat Nasabah Keluar;75
KANWIL MEDAN;AREA MEDAN 6;CPS AR.HAKIM;Satpam;Total Penampilan Satpam;100
KANWIL MEDAN;AREA MEDAN 7;CPS AR.HAKIM;Satpam;Total Kegiatan Satpam (KONDISI 1);100
KANWIL MEDAN;AREA MEDAN 8;CPS AR.HAKIM;Penaksir;Total Penaksir (KONDISI 1);87,5
KANWIL MEDAN;AREA MEDAN 9;CPS AR.HAKIM;Penaksir;TOTAL Sikap Saat Menyambut Nasabah Datang;75
KANWIL MEDAN;AREA MEDAN 10;CPS AR.HAKIM;Penaksir;TOTAL Penampilan Penaksir;66,66666667
KANWIL MEDAN;AREA MEDAN 11;CPS AR.HAKIM;Penaksir;TOTAL Sikap Penaksir dalam Melayani Nasabah;83,33333333
KANWIL MEDAN;AREA MEDAN 12;CPS AR.HAKIM;Penaksir;TOTAL Skill Penaksir (KONDISI 1);100
KANWIL MEDAN;AREA MEDAN 13;CPS AR.HAKIM;Penaksir;TOTAL Sikap Saat Mengakhiri Pelayanan;100
KANWIL MEDAN;AREA MEDAN 14;CPS AR.HAKIM;Penaksir;TOTAL NEGATIVE CHECKING Kegiatan Penaksir (KONDISI 1);100
KANWIL MEDAN;AREA MEDAN 15;CPS AR.HAKIM;Kasir;Total Kasir (KONDISI 1);86,62698413
KANWIL MEDAN;AREA MEDAN 16;CPS AR.HAKIM;Kasir;Total Sikap Saat Menyambut Nasabah Datang;100
KANWIL MEDAN;AREA MEDAN 17;CPS AR.HAKIM;Kasir;Total Penampilan Kasir;69,04761905
KANWIL MEDAN;AREA MEDAN 18;CPS AR.HAKIM;Kasir;Total Sikap Kasir dalam Melayani Nasabah;75
KANWIL MEDAN;AREA MEDAN 19;CPS AR.HAKIM;Kasir;Total Skill Kasir (Transaksi Pelunasan & Gadai);75,71428571
KANWIL MEDAN;AREA MEDAN 20;CPS AR.HAKIM;Kasir;Total Sikap Saat Mengakhiri Pelayanan;100
KANWIL MEDAN;AREA MEDAN 21;CPS AR.HAKIM;Kasir;Total Kegiatan Kasir (KONDISI 1);100
KANWIL MEDAN;AREA MEDAN 22;CPS AR.HAKIM;Kebersihan;Total Kebersihan (KONDISI 1);100
KANWIL MEDAN;AREA MEDAN 23;CPS AR.HAKIM;Kebersihan;Total Eksterior Kantor Cabang (TANYAKAN JIKA TERKODE 2 DI AW0);100
KANWIL MEDAN;AREA MEDAN 24;CPS AR.HAKIM;Kebersihan;Total Interior Kantor Cabang (TANYAKAN JIKA TERKODE 2 DI AW0);100
KANWIL MEDAN;AREA MEDAN 25;CPS AR.HAKIM;New Normal;Total New Normal (KONDISI 1);77,77777778
KANWIL MEDAN;AREA MEDAN 26;CPS AR.HAKIM;New Normal;TOTAL Pelayanan dan Pencegahan oleh Satpam (TANYAKAN JIKA TERKODE 1 DI A1);83,33333333
KANWIL MEDAN;AREA MEDAN 27;CPS AR.HAKIM;New Normal;Total Fasilitas, Prasarana, dan Sarana;100
KANWIL MEDAN;AREA MEDAN 28;CPS AR.HAKIM;New Normal;Total Pelayanan dan Pencegahan oleh Karyawan;50
KANWIL MEDAN;AREA MEDAN 29;CPS AR.HAKIM;Pengelola Agunan;Total Pengelola Agunan (KONDISI 1);91,11111111
KANWIL MEDAN;AREA MEDAN 30;CPS AR.HAKIM;Pengelola Agunan;Total Sikap Saat Menyambut Nasabah Datang;100
KANWIL MEDAN;AREA MEDAN 31;CPS AR.HAKIM;Pengelola Agunan;Total Penampilan Pengelola Agunan;66,66666667
KANWIL MEDAN;AREA MEDAN 32;CPS AR.HAKIM;Pengelola Agunan;Total Sikap Pengelola Agunan dalam Melayani Nasabah;80
KANWIL MEDAN;AREA MEDAN 33;CPS AR.HAKIM;Pengelola Agunan;Total Skill Pengelola Agunan;100
KANWIL MEDAN;AREA MEDAN 34;CPS AR.HAKIM;Pengelola Agunan;Total Sikap yang Dilakukan Pengelola Agunan Saat Mengakhiri Layanan;100
KANWIL MEDAN;AREA MEDAN 35;CPS AR.HAKIM;Pengelola Agunan;Total Kegiatan Pengelola Agunan (KONDISI 1);100
KANWIL MEDAN;AREA MEDAN 36;CPS AR.HAKIM;Frontliner;TOTAL FRONTLINER (KONDISI 1) negatif jadi dapat skor ;0
KANWIL MEDAN;AREA MEDAN 37;CPS AR.HAKIM;Frontliner;TOTAL Sikap Frontliner/Staff Dalam Menerima Panggilan Telepon (KONDISI 1);0
KANWIL MEDAN;AREA MEDAN 38;CPS AR.HAKIM;Frontliner;TOTAL Sikap Saat Melayani di Telepon & Handling Complaint;0
KANWIL MEDAN;AREA MEDAN 39;CPS AR.HAKIM;Frontliner;TOTAL Sikap Frontliner/Staff Dalam Mengakhiri Panggilan Telepon;0
KANWIL MEDAN;AREA MEDAN 40;CPS AR.HAKIM;Frontliner;TOTAL Kegiatan Frontliner (KONDISI 1);0
KANWIL MEDAN;AREA MEDAN 41;CPS AR.HAKIM;RO;Total RO (KONDISI 1);69,44444444
KANWIL MEDAN;AREA MEDAN 42;CPS AR.HAKIM;RO;Total Sikap Saat Menyambut Nasabah Datang;75
KANWIL MEDAN;AREA MEDAN 43;CPS AR.HAKIM;RO;Total Penampilan RO;66,66666667
KANWIL MEDAN;AREA MEDAN 44;CPS AR.HAKIM;RO;Total Sikap Saat Melayani Nasabah;50
KANWIL MEDAN;AREA MEDAN 45;CPS AR.HAKIM;RO;Total Skill RO;25
KANWIL MEDAN;AREA MEDAN 46;CPS AR.HAKIM;RO;Total Sikap yang Dilakukan RO Saat Mengakhiri Layanan;100
KANWIL MEDAN;AREA MEDAN 47;CPS AR.HAKIM;RO;Total Kegiatan RO (KONDISI 1);100
KANWIL MEDAN;AREA MEDAN 2;CP SETIA BUDI;Satpam;Total Satpam (KONDISI 1);87,08333333
KANWIL MEDAN;AREA MEDAN 3;CP SETIA BUDI;Satpam;Total Keberadaan Satpam;75
KANWIL MEDAN;AREA MEDAN 4;CP SETIA BUDI;Satpam;Total Sikap Satpam Saat Menyambut Nasabah;91,66666667
KANWIL MEDAN;AREA MEDAN 5;CP SETIA BUDI;Satpam;TOTAL Sikap Satpam Saat Melayani Nasabah (Menanyakan Formulir, Transaksi, atau Persyaratan Kredit) KONDISI 1;100
KANWIL MEDAN;AREA MEDAN 6;CP SETIA BUDI;Satpam;Total Sikap Satpam Saat Nasabah Keluar;62,5
KANWIL MEDAN;AREA MEDAN 7;CP SETIA BUDI;Satpam;Total Penampilan Satpam;100
KANWIL MEDAN;AREA MEDAN 8;CP SETIA BUDI;Satpam;Total Kegiatan Satpam (KONDISI 1);100
KANWIL MEDAN;AREA MEDAN 9;CP SETIA BUDI;Penaksir;Total Penaksir (KONDISI 1);76,38888889
KANWIL MEDAN;AREA MEDAN 10;CP SETIA BUDI;Penaksir;TOTAL Sikap Saat Menyambut Nasabah Datang;25
KANWIL MEDAN;AREA MEDAN 11;CP SETIA BUDI;Penaksir;TOTAL Penampilan Penaksir;83,33333333
KANWIL MEDAN;AREA MEDAN 12;CP SETIA BUDI;Penaksir;TOTAL Sikap Penaksir dalam Melayani Nasabah;50
KANWIL MEDAN;AREA MEDAN 13;CP SETIA BUDI;Penaksir;TOTAL Skill Penaksir (KONDISI 1);100
KANWIL MEDAN;AREA MEDAN 14;CP SETIA BUDI;Penaksir;TOTAL Sikap Saat Mengakhiri Pelayanan;100
KANWIL MEDAN;AREA MEDAN 15;CP SETIA BUDI;Penaksir;TOTAL NEGATIVE CHECKING Kegiatan Penaksir (KONDISI 1);100
KANWIL MEDAN;AREA MEDAN 16;CP SETIA BUDI;Kasir;Total Kasir (KONDISI 1);79,68253968
KANWIL MEDAN;AREA MEDAN 17;CP SETIA BUDI;Kasir;Total Sikap Saat Menyambut Nasabah Datang;75
KANWIL MEDAN;AREA MEDAN 18;CP SETIA BUDI;Kasir;Total Penampilan Kasir;85,71428571
KANWIL MEDAN;AREA MEDAN 19;CP SETIA BUDI;Kasir;Total Sikap Kasir dalam Melayani Nasabah;61,66666667
KANWIL MEDAN;AREA MEDAN 20;CP SETIA BUDI;Kasir;Total Skill Kasir (Transaksi Pelunasan & Gadai);55,71428571
KANWIL MEDAN;AREA MEDAN 21;CP SETIA BUDI;Kasir;Total Sikap Saat Mengakhiri Pelayanan;100
KANWIL MEDAN;AREA MEDAN 22;CP SETIA BUDI;Kasir;Total Kegiatan Kasir (KONDISI 1);100
KANWIL MEDAN;AREA MEDAN 23;CP SETIA BUDI;Kebersihan;Total Kebersihan (KONDISI 1);87,82051282
KANWIL MEDAN;AREA MEDAN 24;CP SETIA BUDI;Kebersihan;Total Eksterior Kantor Cabang (TANYAKAN JIKA TERKODE 2 DI AW0);83,33333333
KANWIL MEDAN;AREA MEDAN 25;CP SETIA BUDI;Kebersihan;Total Interior Kantor Cabang (TANYAKAN JIKA TERKODE 2 DI AW0);92,30769231
KANWIL MEDAN;AREA MEDAN 26;CP SETIA BUDI;New Normal;Total New Normal (KONDISI 1);74,44444444
KANWIL MEDAN;AREA MEDAN 27;CP SETIA BUDI;New Normal;TOTAL Pelayanan dan Pencegahan oleh Satpam (TANYAKAN JIKA TERKODE 1 DI A1);83,33333333
KANWIL MEDAN;AREA MEDAN 28;CP SETIA BUDI;New Normal;Total Fasilitas, Prasarana, dan Sarana;90
KANWIL MEDAN;AREA MEDAN 29;CP SETIA BUDI;New Normal;Total Pelayanan dan Pencegahan oleh Karyawan;50
KANWIL MEDAN;AREA MEDAN 30;CP SETIA BUDI;Pengelola Agunan;Total Pengelola Agunan (KONDISI 1);97,22222222
KANWIL MEDAN;AREA MEDAN 31;CP SETIA BUDI;Pengelola Agunan;Total Sikap Saat Menyambut Nasabah Datang;100
KANWIL MEDAN;AREA MEDAN 32;CP SETIA BUDI;Pengelola Agunan;Total Penampilan Pengelola Agunan;100
KANWIL MEDAN;AREA MEDAN 33;CP SETIA BUDI;Pengelola Agunan;Total Sikap Pengelola Agunan dalam Melayani Nasabah;83,33333333
KANWIL MEDAN;AREA MEDAN 34;CP SETIA BUDI;Pengelola Agunan;Total Skill Pengelola Agunan;100
KANWIL MEDAN;AREA MEDAN 35;CP SETIA BUDI;Pengelola Agunan;Total Sikap yang Dilakukan Pengelola Agunan Saat Mengakhiri Layanan;100
KANWIL MEDAN;AREA MEDAN 36;CP SETIA BUDI;Pengelola Agunan;Total Kegiatan Pengelola Agunan (KONDISI 1);100
KANWIL MEDAN;AREA MEDAN 37;CP SETIA BUDI;Frontliner;TOTAL FRONTLINER (KONDISI 1) negatif jadi dapat skor ;91,66666667
KANWIL MEDAN;AREA MEDAN 38;CP SETIA BUDI;Frontliner;TOTAL Sikap Frontliner/Staff Dalam Menerima Panggilan Telepon (KONDISI 1);66,66666667
KANWIL MEDAN;AREA MEDAN 39;CP SETIA BUDI;Frontliner;TOTAL Sikap Saat Melayani di Telepon & Handling Complaint;100
KANWIL MEDAN;AREA MEDAN 40;CP SETIA BUDI;Frontliner;TOTAL Sikap Frontliner/Staff Dalam Mengakhiri Panggilan Telepon;100
KANWIL MEDAN;AREA MEDAN 41;CP SETIA BUDI;Frontliner;TOTAL Kegiatan Frontliner (KONDISI 1);100
KANWIL MEDAN;AREA MEDAN 42;CP SETIA BUDI;RO;Total RO (KONDISI 1);
KANWIL MEDAN;AREA MEDAN 43;CP SETIA BUDI;RO;Total Sikap Saat Menyambut Nasabah Datang;
KANWIL MEDAN;AREA MEDAN 44;CP SETIA BUDI;RO;Total Penampilan RO;
KANWIL MEDAN;AREA MEDAN 45;CP SETIA BUDI;RO;Total Sikap Saat Melayani Nasabah;
KANWIL MEDAN;AREA MEDAN 46;CP SETIA BUDI;RO;Total Skill RO;
KANWIL MEDAN;AREA MEDAN 47;CP SETIA BUDI;RO;Total Sikap yang Dilakukan RO Saat Mengakhiri Layanan;
KANWIL MEDAN;AREA MEDAN 48;CP SETIA BUDI;RO;Total Kegiatan RO (KONDISI 1);
KANWIL JAKARTA 1;AREA JATIWARINGIN;CP KEMANG PRATAMA;Satpam;Total Satpam (KONDISI 1);88,05555556
KANWIL JAKARTA 2;AREA JATIWARINGIN;CP KEMANG PRATAMA;Satpam;Total Keberadaan Satpam;100
KANWIL JAKARTA 3;AREA JATIWARINGIN;CP KEMANG PRATAMA;Satpam;Total Sikap Satpam Saat Menyambut Nasabah;83,33333333
KANWIL JAKARTA 4;AREA JATIWARINGIN;CP KEMANG PRATAMA;Satpam;TOTAL Sikap Satpam Saat Melayani Nasabah (Menanyakan Formulir, Transaksi, atau Persyaratan Kredit) KONDISI 1;100
KANWIL JAKARTA 5;AREA JATIWARINGIN;CP KEMANG PRATAMA;Satpam;Total Sikap Satpam Saat Nasabah Keluar;87,5
KANWIL JAKARTA 6;AREA JATIWARINGIN;CP KEMANG PRATAMA;Satpam;Total Penampilan Satpam;66,66666667
KANWIL JAKARTA 7;AREA JATIWARINGIN;CP KEMANG PRATAMA;Satpam;Total Kegiatan Satpam (KONDISI 1);100
KANWIL JAKARTA 8;AREA JATIWARINGIN;CP KEMANG PRATAMA;Penaksir;Total Penaksir (KONDISI 1);72,22222222
KANWIL JAKARTA 9;AREA JATIWARINGIN;CP KEMANG PRATAMA;Penaksir;TOTAL Sikap Saat Menyambut Nasabah Datang;50
KANWIL JAKARTA 10;AREA JATIWARINGIN;CP KEMANG PRATAMA;Penaksir;TOTAL Penampilan Penaksir;66,66666667
KANWIL JAKARTA 11;AREA JATIWARINGIN;CP KEMANG PRATAMA;Penaksir;TOTAL Sikap Penaksir dalam Melayani Nasabah;50
KANWIL JAKARTA 12;AREA JATIWARINGIN;CP KEMANG PRATAMA;Penaksir;TOTAL Skill Penaksir (KONDISI 1);100
KANWIL JAKARTA 13;AREA JATIWARINGIN;CP KEMANG PRATAMA;Penaksir;TOTAL Sikap Saat Mengakhiri Pelayanan;66,66666667
KANWIL JAKARTA 14;AREA JATIWARINGIN;CP KEMANG PRATAMA;Penaksir;TOTAL NEGATIVE CHECKING Kegiatan Penaksir (KONDISI 1);100
KANWIL JAKARTA 15;AREA JATIWARINGIN;CP KEMANG PRATAMA;Kasir;Total Kasir (KONDISI 1);79,28571429
KANWIL JAKARTA 16;AREA JATIWARINGIN;CP KEMANG PRATAMA;Kasir;Total Sikap Saat Menyambut Nasabah Datang;67,5
KANWIL JAKARTA 17;AREA JATIWARINGIN;CP KEMANG PRATAMA;Kasir;Total Penampilan Kasir;100
KANWIL JAKARTA 18;AREA JATIWARINGIN;CP KEMANG PRATAMA;Kasir;Total Sikap Kasir dalam Melayani Nasabah;70
KANWIL JAKARTA 19;AREA JATIWARINGIN;CP KEMANG PRATAMA;Kasir;Total Skill Kasir (Transaksi Pelunasan & Gadai);50,71428571
KANWIL JAKARTA 20;AREA JATIWARINGIN;CP KEMANG PRATAMA;Kasir;Total Sikap Saat Mengakhiri Pelayanan;87,5
KANWIL JAKARTA 21;AREA JATIWARINGIN;CP KEMANG PRATAMA;Kasir;Total Kegiatan Kasir (KONDISI 1);100
KANWIL JAKARTA 22;AREA JATIWARINGIN;CP KEMANG PRATAMA;Kebersihan;Total Kebersihan (KONDISI 1);100
KANWIL JAKARTA 23;AREA JATIWARINGIN;CP KEMANG PRATAMA;Kebersihan;Total Eksterior Kantor Cabang (TANYAKAN JIKA TERKODE 2 DI AW0);100
KANWIL JAKARTA 24;AREA JATIWARINGIN;CP KEMANG PRATAMA;Kebersihan;Total Interior Kantor Cabang (TANYAKAN JIKA TERKODE 2 DI AW0);100
KANWIL JAKARTA 25;AREA JATIWARINGIN;CP KEMANG PRATAMA;New Normal;Total New Normal (KONDISI 1);78,88888889
KANWIL JAKARTA 26;AREA JATIWARINGIN;CP KEMANG PRATAMA;New Normal;TOTAL Pelayanan dan Pencegahan oleh Satpam (TANYAKAN JIKA TERKODE 1 DI A1);66,66666667
KANWIL JAKARTA 27;AREA JATIWARINGIN;CP KEMANG PRATAMA;New Normal;Total Fasilitas, Prasarana, dan Sarana;70
KANWIL JAKARTA 28;AREA JATIWARINGIN;CP KEMANG PRATAMA;New Normal;Total Pelayanan dan Pencegahan oleh Karyawan;100
KANWIL JAKARTA 29;AREA JATIWARINGIN;CP KEMANG PRATAMA;Pengelola Agunan;Total Pengelola Agunan (KONDISI 1);81,38888889
KANWIL JAKARTA 30;AREA JATIWARINGIN;CP KEMANG PRATAMA;Pengelola Agunan;Total Sikap Saat Menyambut Nasabah Datang;75
KANWIL JAKARTA 31;AREA JATIWARINGIN;CP KEMANG PRATAMA;Pengelola Agunan;Total Penampilan Pengelola Agunan;100
KANWIL JAKARTA 32;AREA JATIWARINGIN;CP KEMANG PRATAMA;Pengelola Agunan;Total Sikap Pengelola Agunan dalam Melayani Nasabah;80
KANWIL JAKARTA 33;AREA JATIWARINGIN;CP KEMANG PRATAMA;Pengelola Agunan;Total Skill Pengelola Agunan;66,66666667
KANWIL JAKARTA 34;AREA JATIWARINGIN;CP KEMANG PRATAMA;Pengelola Agunan;Total Sikap yang Dilakukan Pengelola Agunan Saat Mengakhiri Layanan;66,66666667
KANWIL JAKARTA 35;AREA JATIWARINGIN;CP KEMANG PRATAMA;Pengelola Agunan;Total Kegiatan Pengelola Agunan (KONDISI 1);100
KANWIL JAKARTA 36;AREA JATIWARINGIN;CP KEMANG PRATAMA;Frontliner;TOTAL FRONTLINER (KONDISI 1) negatif jadi dapat skor ;87,5
KANWIL JAKARTA 37;AREA JATIWARINGIN;CP KEMANG PRATAMA;Frontliner;TOTAL Sikap Frontliner/Staff Dalam Menerima Panggilan Telepon (KONDISI 1);100
KANWIL JAKARTA 38;AREA JATIWARINGIN;CP KEMANG PRATAMA;Frontliner;TOTAL Sikap Saat Melayani di Telepon & Handling Complaint;66,66666667
KANWIL JAKARTA 39;AREA JATIWARINGIN;CP KEMANG PRATAMA;Frontliner;TOTAL Sikap Frontliner/Staff Dalam Mengakhiri Panggilan Telepon;83,33333333
KANWIL JAKARTA 40;AREA JATIWARINGIN;CP KEMANG PRATAMA;Frontliner;TOTAL Kegiatan Frontliner (KONDISI 1);100
KANWIL JAKARTA 41;AREA JATIWARINGIN;CP KEMANG PRATAMA;RO;Total RO (KONDISI 1);90,27777778
KANWIL JAKARTA 42;AREA JATIWARINGIN;CP KEMANG PRATAMA;RO;Total Sikap Saat Menyambut Nasabah Datang;66,66666667
KANWIL JAKARTA 43;AREA JATIWARINGIN;CP KEMANG PRATAMA;RO;Total Penampilan RO;100
KANWIL JAKARTA 44;AREA JATIWARINGIN;CP KEMANG PRATAMA;RO;Total Sikap Saat Melayani Nasabah;75
KANWIL JAKARTA 45;AREA JATIWARINGIN;CP KEMANG PRATAMA;RO;Total Skill RO;100
KANWIL JAKARTA 46;AREA JATIWARINGIN;CP KEMANG PRATAMA;RO;Total Sikap yang Dilakukan RO Saat Mengakhiri Layanan;100
KANWIL JAKARTA 47;AREA JATIWARINGIN;CP KEMANG PRATAMA;RO;Total Kegiatan RO (KONDISI 1);100
KANWIL JAKARTA 1;AREA JATIWARINGIN;CP KEMANG PRATAMA;Satpam;Total Satpam (KONDISI 1);88,05555556
KANWIL JAKARTA 2;AREA JATIWARINGIN;CP KEMANG PRATAMA;Satpam;Total Keberadaan Satpam;100
KANWIL JAKARTA 3;AREA JATIWARINGIN;CP KEMANG PRATAMA;Satpam;Total Sikap Satpam Saat Menyambut Nasabah;83,33333333
KANWIL JAKARTA 4;AREA JATIWARINGIN;CP KEMANG PRATAMA;Satpam;TOTAL Sikap Satpam Saat Melayani Nasabah (Menanyakan Formulir, Transaksi, atau Persyaratan Kredit) KONDISI 1;100
KANWIL JAKARTA 5;AREA JATIWARINGIN;CP KEMANG PRATAMA;Satpam;Total Sikap Satpam Saat Nasabah Keluar;87,5
KANWIL JAKARTA 6;AREA JATIWARINGIN;CP KEMANG PRATAMA;Satpam;Total Penampilan Satpam;66,66666667
KANWIL JAKARTA 7;AREA JATIWARINGIN;CP KEMANG PRATAMA;Satpam;Total Kegiatan Satpam (KONDISI 1);100
KANWIL JAKARTA 8;AREA JATIWARINGIN;CP KEMANG PRATAMA;Penaksir;Total Penaksir (KONDISI 1);72,22222222
KANWIL JAKARTA 9;AREA JATIWARINGIN;CP KEMANG PRATAMA;Penaksir;TOTAL Sikap Saat Menyambut Nasabah Datang;50
KANWIL JAKARTA 10;AREA JATIWARINGIN;CP KEMANG PRATAMA;Penaksir;TOTAL Penampilan Penaksir;66,66666667
KANWIL JAKARTA 11;AREA JATIWARINGIN;CP KEMANG PRATAMA;Penaksir;TOTAL Sikap Penaksir dalam Melayani Nasabah;50
KANWIL JAKARTA 12;AREA JATIWARINGIN;CP KEMANG PRATAMA;Penaksir;TOTAL Skill Penaksir (KONDISI 1);100
KANWIL JAKARTA 13;AREA JATIWARINGIN;CP KEMANG PRATAMA;Penaksir;TOTAL Sikap Saat Mengakhiri Pelayanan;66,66666667
KANWIL JAKARTA 14;AREA JATIWARINGIN;CP KEMANG PRATAMA;Penaksir;TOTAL NEGATIVE CHECKING Kegiatan Penaksir (KONDISI 1);100
KANWIL JAKARTA 15;AREA JATIWARINGIN;CP KEMANG PRATAMA;Kasir;Total Kasir (KONDISI 1);79,28571429
KANWIL JAKARTA 16;AREA JATIWARINGIN;CP KEMANG PRATAMA;Kasir;Total Sikap Saat Menyambut Nasabah Datang;67,5
KANWIL JAKARTA 17;AREA JATIWARINGIN;CP KEMANG PRATAMA;Kasir;Total Penampilan Kasir;100
KANWIL JAKARTA 18;AREA JATIWARINGIN;CP KEMANG PRATAMA;Kasir;Total Sikap Kasir dalam Melayani Nasabah;70
KANWIL JAKARTA 19;AREA JATIWARINGIN;CP KEMANG PRATAMA;Kasir;Total Skill Kasir (Transaksi Pelunasan & Gadai);50,71428571
KANWIL JAKARTA 20;AREA JATIWARINGIN;CP KEMANG PRATAMA;Kasir;Total Sikap Saat Mengakhiri Pelayanan;87,5
KANWIL JAKARTA 21;AREA JATIWARINGIN;CP KEMANG PRATAMA;Kasir;Total Kegiatan Kasir (KONDISI 1);100
KANWIL JAKARTA 22;AREA JATIWARINGIN;CP KEMANG PRATAMA;Kebersihan;Total Kebersihan (KONDISI 1);100
KANWIL JAKARTA 23;AREA JATIWARINGIN;CP KEMANG PRATAMA;Kebersihan;Total Eksterior Kantor Cabang (TANYAKAN JIKA TERKODE 2 DI AW0);100
KANWIL JAKARTA 24;AREA JATIWARINGIN;CP KEMANG PRATAMA;Kebersihan;Total Interior Kantor Cabang (TANYAKAN JIKA TERKODE 2 DI AW0);100
KANWIL JAKARTA 25;AREA JATIWARINGIN;CP KEMANG PRATAMA;New Normal;Total New Normal (KONDISI 1);78,88888889
KANWIL JAKARTA 26;AREA JATIWARINGIN;CP KEMANG PRATAMA;New Normal;TOTAL Pelayanan dan Pencegahan oleh Satpam (TANYAKAN JIKA TERKODE 1 DI A1);66,66666667
KANWIL JAKARTA 27;AREA JATIWARINGIN;CP KEMANG PRATAMA;New Normal;Total Fasilitas, Prasarana, dan Sarana;70
KANWIL JAKARTA 28;AREA JATIWARINGIN;CP KEMANG PRATAMA;New Normal;Total Pelayanan dan Pencegahan oleh Karyawan;100
KANWIL JAKARTA 29;AREA JATIWARINGIN;CP KEMANG PRATAMA;Pengelola Agunan;Total Pengelola Agunan (KONDISI 1);81,38888889
KANWIL JAKARTA 30;AREA JATIWARINGIN;CP KEMANG PRATAMA;Pengelola Agunan;Total Sikap Saat Menyambut Nasabah Datang;75
KANWIL JAKARTA 31;AREA JATIWARINGIN;CP KEMANG PRATAMA;Pengelola Agunan;Total Penampilan Pengelola Agunan;100
KANWIL JAKARTA 32;AREA JATIWARINGIN;CP KEMANG PRATAMA;Pengelola Agunan;Total Sikap Pengelola Agunan dalam Melayani Nasabah;80
KANWIL JAKARTA 33;AREA JATIWARINGIN;CP KEMANG PRATAMA;Pengelola Agunan;Total Skill Pengelola Agunan;66,66666667
KANWIL JAKARTA 34;AREA JATIWARINGIN;CP KEMANG PRATAMA;Pengelola Agunan;Total Sikap yang Dilakukan Pengelola Agunan Saat Mengakhiri Layanan;66,66666667
KANWIL JAKARTA 35;AREA JATIWARINGIN;CP KEMANG PRATAMA;Pengelola Agunan;Total Kegiatan Pengelola Agunan (KONDISI 1);100
KANWIL JAKARTA 36;AREA JATIWARINGIN;CP KEMANG PRATAMA;Frontliner;TOTAL FRONTLINER (KONDISI 1) negatif jadi dapat skor ;87,5
KANWIL JAKARTA 37;AREA JATIWARINGIN;CP KEMANG PRATAMA;Frontliner;TOTAL Sikap Frontliner/Staff Dalam Menerima Panggilan Telepon (KONDISI 1);100
KANWIL JAKARTA 38;AREA JATIWARINGIN;CP KEMANG PRATAMA;Frontliner;TOTAL Sikap Saat Melayani di Telepon & Handling Complaint;66,66666667
KANWIL JAKARTA 39;AREA JATIWARINGIN;CP KEMANG PRATAMA;Frontliner;TOTAL Sikap Frontliner/Staff Dalam Mengakhiri Panggilan Telepon;83,33333333
KANWIL JAKARTA 40;AREA JATIWARINGIN;CP KEMANG PRATAMA;Frontliner;TOTAL Kegiatan Frontliner (KONDISI 1);100
KANWIL JAKARTA 41;AREA JATIWARINGIN;CP KEMANG PRATAMA;RO;Total RO (KONDISI 1);90,27777778
KANWIL JAKARTA 42;AREA JATIWARINGIN;CP KEMANG PRATAMA;RO;Total Sikap Saat Menyambut Nasabah Datang;66,66666667
KANWIL JAKARTA 43;AREA JATIWARINGIN;CP KEMANG PRATAMA;RO;Total Penampilan RO;100
KANWIL JAKARTA 44;AREA JATIWARINGIN;CP KEMANG PRATAMA;RO;Total Sikap Saat Melayani Nasabah;75
KANWIL JAKARTA 45;AREA JATIWARINGIN;CP KEMANG PRATAMA;RO;Total Skill RO;100
KANWIL JAKARTA 46;AREA JATIWARINGIN;CP KEMANG PRATAMA;RO;Total Sikap yang Dilakukan RO Saat Mengakhiri Layanan;100
KANWIL JAKARTA 47;AREA JATIWARINGIN;CP KEMANG PRATAMA;RO;Total Kegiatan RO (KONDISI 1);100
KANWIL JAKARTA 1;AREA JATIWARINGIN;CP GALAXI;Satpam;Total Satpam (KONDISI 1);93,33333333
KANWIL JAKARTA 2;AREA JATIWARINGIN;CP GALAXI;Satpam;Total Keberadaan Satpam;100
KANWIL JAKARTA 3;AREA JATIWARINGIN;CP GALAXI;Satpam;Total Sikap Satpam Saat Menyambut Nasabah;91,66666667
KANWIL JAKARTA 4;AREA JATIWARINGIN;CP GALAXI;Satpam;TOTAL Sikap Satpam Saat Melayani Nasabah (Menanyakan Formulir, Transaksi, atau Persyaratan Kredit) KONDISI 1;100
KANWIL JAKARTA 5;AREA JATIWARINGIN;CP GALAXI;Satpam;Total Sikap Satpam Saat Nasabah Keluar;75
KANWIL JAKARTA 6;AREA JATIWARINGIN;CP GALAXI;Satpam;Total Penampilan Satpam;100
KANWIL JAKARTA 7;AREA JATIWARINGIN;CP GALAXI;Satpam;Total Kegiatan Satpam (KONDISI 1);100
KANWIL JAKARTA 8;AREA JATIWARINGIN;CP GALAXI;Penaksir;Total Penaksir (KONDISI 1);90,27777778
KANWIL JAKARTA 9;AREA JATIWARINGIN;CP GALAXI;Penaksir;TOTAL Sikap Saat Menyambut Nasabah Datang;100
KANWIL JAKARTA 10;AREA JATIWARINGIN;CP GALAXI;Penaksir;TOTAL Penampilan Penaksir;100
KANWIL JAKARTA 11;AREA JATIWARINGIN;CP GALAXI;Penaksir;TOTAL Sikap Penaksir dalam Melayani Nasabah;66,66666667
KANWIL JAKARTA 12;AREA JATIWARINGIN;CP GALAXI;Penaksir;TOTAL Skill Penaksir (KONDISI 1);75
KANWIL JAKARTA 13;AREA JATIWARINGIN;CP GALAXI;Penaksir;TOTAL Sikap Saat Mengakhiri Pelayanan;100
KANWIL JAKARTA 14;AREA JATIWARINGIN;CP GALAXI;Penaksir;TOTAL NEGATIVE CHECKING Kegiatan Penaksir (KONDISI 1);100
KANWIL JAKARTA 15;AREA JATIWARINGIN;CP GALAXI;Kasir;Total Kasir (KONDISI 1);79,76190476
KANWIL JAKARTA 16;AREA JATIWARINGIN;CP GALAXI;Kasir;Total Sikap Saat Menyambut Nasabah Datang;80
KANWIL JAKARTA 17;AREA JATIWARINGIN;CP GALAXI;Kasir;Total Penampilan Kasir;92,85714286
KANWIL JAKARTA 18;AREA JATIWARINGIN;CP GALAXI;Kasir;Total Sikap Kasir dalam Melayani Nasabah;60
KANWIL JAKARTA 19;AREA JATIWARINGIN;CP GALAXI;Kasir;Total Skill Kasir (Transaksi Pelunasan & Gadai);70,71428571
KANWIL JAKARTA 20;AREA JATIWARINGIN;CP GALAXI;Kasir;Total Sikap Saat Mengakhiri Pelayanan;87,5
KANWIL JAKARTA 21;AREA JATIWARINGIN;CP GALAXI;Kasir;Total Kegiatan Kasir (KONDISI 1);87,5
KANWIL JAKARTA 22;AREA JATIWARINGIN;CP GALAXI;Kebersihan;Total Kebersihan (KONDISI 1);
KANWIL JAKARTA 23;AREA JATIWARINGIN;CP GALAXI;Kebersihan;Total Eksterior Kantor Cabang (TANYAKAN JIKA TERKODE 2 DI AW0);
KANWIL JAKARTA 24;AREA JATIWARINGIN;CP GALAXI;Kebersihan;Total Interior Kantor Cabang (TANYAKAN JIKA TERKODE 2 DI AW0);
KANWIL JAKARTA 25;AREA JATIWARINGIN;CP GALAXI;New Normal;Total New Normal (KONDISI 1);93,33333333
KANWIL JAKARTA 26;AREA JATIWARINGIN;CP GALAXI;New Normal;TOTAL Pelayanan dan Pencegahan oleh Satpam (TANYAKAN JIKA TERKODE 1 DI A1);100
KANWIL JAKARTA 27;AREA JATIWARINGIN;CP GALAXI;New Normal;Total Fasilitas, Prasarana, dan Sarana;80
KANWIL JAKARTA 28;AREA JATIWARINGIN;CP GALAXI;New Normal;Total Pelayanan dan Pencegahan oleh Karyawan;100
KANWIL JAKARTA 29;AREA JATIWARINGIN;CP GALAXI;Pengelola Agunan;Total Pengelola Agunan (KONDISI 1);84,16666667
KANWIL JAKARTA 30;AREA JATIWARINGIN;CP GALAXI;Pengelola Agunan;Total Sikap Saat Menyambut Nasabah Datang;75
KANWIL JAKARTA 31;AREA JATIWARINGIN;CP GALAXI;Pengelola Agunan;Total Penampilan Pengelola Agunan;83,33333333
KANWIL JAKARTA 32;AREA JATIWARINGIN;CP GALAXI;Pengelola Agunan;Total Sikap Pengelola Agunan dalam Melayani Nasabah;80
KANWIL JAKARTA 33;AREA JATIWARINGIN;CP GALAXI;Pengelola Agunan;Total Skill Pengelola Agunan;100
KANWIL JAKARTA 34;AREA JATIWARINGIN;CP GALAXI;Pengelola Agunan;Total Sikap yang Dilakukan Pengelola Agunan Saat Mengakhiri Layanan;66,66666667
KANWIL JAKARTA 35;AREA JATIWARINGIN;CP GALAXI;Pengelola Agunan;Total Kegiatan Pengelola Agunan (KONDISI 1);100
KANWIL JAKARTA 36;AREA JATIWARINGIN;CP GALAXI;Frontliner;TOTAL FRONTLINER (KONDISI 1) negatif jadi dapat skor ;75
KANWIL JAKARTA 37;AREA JATIWARINGIN;CP GALAXI;Frontliner;TOTAL Sikap Frontliner/Staff Dalam Menerima Panggilan Telepon (KONDISI 1);83,33333333
KANWIL JAKARTA 38;AREA JATIWARINGIN;CP GALAXI;Frontliner;TOTAL Sikap Saat Melayani di Telepon & Handling Complaint;33,33333333
KANWIL JAKARTA 39;AREA JATIWARINGIN;CP GALAXI;Frontliner;TOTAL Sikap Frontliner/Staff Dalam Mengakhiri Panggilan Telepon;83,33333333
KANWIL JAKARTA 40;AREA JATIWARINGIN;CP GALAXI;Frontliner;TOTAL Kegiatan Frontliner (KONDISI 1);100
KANWIL JAKARTA 41;AREA JATIWARINGIN;CP GALAXI;RO;Total RO (KONDISI 1);
KANWIL JAKARTA 42;AREA JATIWARINGIN;CP GALAXI;RO;Total Sikap Saat Menyambut Nasabah Datang;
KANWIL JAKARTA 43;AREA JATIWARINGIN;CP GALAXI;RO;Total Penampilan RO;
KANWIL JAKARTA 44;AREA JATIWARINGIN;CP GALAXI;RO;Total Sikap Saat Melayani Nasabah;
KANWIL JAKARTA 45;AREA JATIWARINGIN;CP GALAXI;RO;Total Skill RO;
KANWIL JAKARTA 46;AREA JATIWARINGIN;CP GALAXI;RO;Total Sikap yang Dilakukan RO Saat Mengakhiri Layanan;
KANWIL JAKARTA 47;AREA JATIWARINGIN;CP GALAXI;RO;Total Kegiatan RO (KONDISI 1);
KANWIL JAKARTA 1;AREA SENEN;CP CEMPAKA PUTIH;Satpam;Total Satpam (KONDISI 1);92,36111111
KANWIL JAKARTA 2;AREA SENEN;CP CEMPAKA PUTIH;Satpam;Total Keberadaan Satpam;100
KANWIL JAKARTA 3;AREA SENEN;CP CEMPAKA PUTIH;Satpam;Total Sikap Satpam Saat Menyambut Nasabah;100
KANWIL JAKARTA 4;AREA SENEN;CP CEMPAKA PUTIH;Satpam;TOTAL Sikap Satpam Saat Melayani Nasabah (Menanyakan Formulir, Transaksi, atau Persyaratan Kredit) KONDISI 1;50
KANWIL JAKARTA 5;AREA SENEN;CP CEMPAKA PUTIH;Satpam;Total Sikap Satpam Saat Nasabah Keluar;100
KANWIL JAKARTA 6;AREA SENEN;CP CEMPAKA PUTIH;Satpam;Total Penampilan Satpam;83,33333333
KANWIL JAKARTA 7;AREA SENEN;CP CEMPAKA PUTIH;Satpam;Total Kegiatan Satpam (KONDISI 1);100
KANWIL JAKARTA 8;AREA SENEN;CP CEMPAKA PUTIH;Penaksir;Total Penaksir (KONDISI 1);100
KANWIL JAKARTA 9;AREA SENEN;CP CEMPAKA PUTIH;Penaksir;TOTAL Sikap Saat Menyambut Nasabah Datang;100
KANWIL JAKARTA 10;AREA SENEN;CP CEMPAKA PUTIH;Penaksir;TOTAL Penampilan Penaksir;100
KANWIL JAKARTA 11;AREA SENEN;CP CEMPAKA PUTIH;Penaksir;TOTAL Sikap Penaksir dalam Melayani Nasabah;100
KANWIL JAKARTA 12;AREA SENEN;CP CEMPAKA PUTIH;Penaksir;TOTAL Skill Penaksir (KONDISI 1);100
KANWIL JAKARTA 13;AREA SENEN;CP CEMPAKA PUTIH;Penaksir;TOTAL Sikap Saat Mengakhiri Pelayanan;100
KANWIL JAKARTA 14;AREA SENEN;CP CEMPAKA PUTIH;Penaksir;TOTAL NEGATIVE CHECKING Kegiatan Penaksir (KONDISI 1);100
KANWIL JAKARTA 15;AREA SENEN;CP CEMPAKA PUTIH;Kasir;Total Kasir (KONDISI 1);88,03571429
KANWIL JAKARTA 16;AREA SENEN;CP CEMPAKA PUTIH;Kasir;Total Sikap Saat Menyambut Nasabah Datang;100
KANWIL JAKARTA 17;AREA SENEN;CP CEMPAKA PUTIH;Kasir;Total Penampilan Kasir;100
KANWIL JAKARTA 18;AREA SENEN;CP CEMPAKA PUTIH;Kasir;Total Sikap Kasir dalam Melayani Nasabah;70
KANWIL JAKARTA 19;AREA SENEN;CP CEMPAKA PUTIH;Kasir;Total Skill Kasir (Transaksi Pelunasan & Gadai);70,71428571
KANWIL JAKARTA 20;AREA SENEN;CP CEMPAKA PUTIH;Kasir;Total Sikap Saat Mengakhiri Pelayanan;100
KANWIL JAKARTA 21;AREA SENEN;CP CEMPAKA PUTIH;Kasir;Total Kegiatan Kasir (KONDISI 1);87,5
KANWIL JAKARTA 22;AREA SENEN;CP CEMPAKA PUTIH;Kebersihan;Total Kebersihan (KONDISI 1);79,16666667
KANWIL JAKARTA 23;AREA SENEN;CP CEMPAKA PUTIH;Kebersihan;Total Eksterior Kantor Cabang (TANYAKAN JIKA TERKODE 2 DI AW0);83,33333333
KANWIL JAKARTA 24;AREA SENEN;CP CEMPAKA PUTIH;Kebersihan;Total Interior Kantor Cabang (TANYAKAN JIKA TERKODE 2 DI AW0);75
KANWIL JAKARTA 25;AREA SENEN;CP CEMPAKA PUTIH;New Normal;Total New Normal (KONDISI 1);94,44444444
KANWIL JAKARTA 26;AREA SENEN;CP CEMPAKA PUTIH;New Normal;TOTAL Pelayanan dan Pencegahan oleh Satpam (TANYAKAN JIKA TERKODE 1 DI A1);83,33333333
KANWIL JAKARTA 27;AREA SENEN;CP CEMPAKA PUTIH;New Normal;Total Fasilitas, Prasarana, dan Sarana;100
KANWIL JAKARTA 28;AREA SENEN;CP CEMPAKA PUTIH;New Normal;Total Pelayanan dan Pencegahan oleh Karyawan;100
KANWIL JAKARTA 29;AREA SENEN;CP CEMPAKA PUTIH;Pengelola Agunan;Total Pengelola Agunan (KONDISI 1);96,66666667
KANWIL JAKARTA 30;AREA SENEN;CP CEMPAKA PUTIH;Pengelola Agunan;Total Sikap Saat Menyambut Nasabah Datang;100
KANWIL JAKARTA 31;AREA SENEN;CP CEMPAKA PUTIH;Pengelola Agunan;Total Penampilan Pengelola Agunan;100
KANWIL JAKARTA 32;AREA SENEN;CP CEMPAKA PUTIH;Pengelola Agunan;Total Sikap Pengelola Agunan dalam Melayani Nasabah;80
KANWIL JAKARTA 33;AREA SENEN;CP CEMPAKA PUTIH;Pengelola Agunan;Total Skill Pengelola Agunan;100
KANWIL JAKARTA 34;AREA SENEN;CP CEMPAKA PUTIH;Pengelola Agunan;Total Sikap yang Dilakukan Pengelola Agunan Saat Mengakhiri Layanan;100
KANWIL JAKARTA 35;AREA SENEN;CP CEMPAKA PUTIH;Pengelola Agunan;Total Kegiatan Pengelola Agunan (KONDISI 1);100
KANWIL JAKARTA 36;AREA SENEN;CP CEMPAKA PUTIH;Frontliner;TOTAL FRONTLINER (KONDISI 1) negatif jadi dapat skor ;75
KANWIL JAKARTA 37;AREA SENEN;CP CEMPAKA PUTIH;Frontliner;TOTAL Sikap Frontliner/Staff Dalam Menerima Panggilan Telepon (KONDISI 1);66,66666667
KANWIL JAKARTA 38;AREA SENEN;CP CEMPAKA PUTIH;Frontliner;TOTAL Sikap Saat Melayani di Telepon & Handling Complaint;66,66666667
KANWIL JAKARTA 39;AREA SENEN;CP CEMPAKA PUTIH;Frontliner;TOTAL Sikap Frontliner/Staff Dalam Mengakhiri Panggilan Telepon;66,66666667
KANWIL JAKARTA 40;AREA SENEN;CP CEMPAKA PUTIH;Frontliner;TOTAL Kegiatan Frontliner (KONDISI 1);100
KANWIL JAKARTA 41;AREA SENEN;CP CEMPAKA PUTIH;RO;Total RO (KONDISI 1);
KANWIL JAKARTA 42;AREA SENEN;CP CEMPAKA PUTIH;RO;Total Sikap Saat Menyambut Nasabah Datang;
KANWIL JAKARTA 43;AREA SENEN;CP CEMPAKA PUTIH;RO;Total Penampilan RO;
KANWIL JAKARTA 44;AREA SENEN;CP CEMPAKA PUTIH;RO;Total Sikap Saat Melayani Nasabah;
KANWIL JAKARTA 45;AREA SENEN;CP CEMPAKA PUTIH;RO;Total Skill RO;
KANWIL JAKARTA 46;AREA SENEN;CP CEMPAKA PUTIH;RO;Total Sikap yang Dilakukan RO Saat Mengakhiri Layanan;
KANWIL JAKARTA 47;AREA SENEN;CP CEMPAKA PUTIH;RO;Total Kegiatan RO (KONDISI 1);
KANWIL JAKARTA 1;AREA SENEN;CP SALEMBA;Satpam;Total Satpam (KONDISI 1);93,55555556
KANWIL JAKARTA 2;AREA SENEN;CP SALEMBA;Satpam;Total Keberadaan Satpam;100
KANWIL JAKARTA 3;AREA SENEN;CP SALEMBA;Satpam;Total Sikap Satpam Saat Menyambut Nasabah;90
KANWIL JAKARTA 4;AREA SENEN;CP SALEMBA;Satpam;TOTAL Sikap Satpam Saat Melayani Nasabah (Menanyakan Formulir, Transaksi, atau Persyaratan Kredit) KONDISI 1;100
KANWIL JAKARTA 5;AREA SENEN;CP SALEMBA;Satpam;Total Sikap Satpam Saat Nasabah Keluar;100
KANWIL JAKARTA 6;AREA SENEN;CP SALEMBA;Satpam;Total Penampilan Satpam;75
KANWIL JAKARTA 7;AREA SENEN;CP SALEMBA;Satpam;Total Kegiatan Satpam (KONDISI 1);100
KANWIL JAKARTA 8;AREA SENEN;CP SALEMBA;Penaksir;Total Penaksir (KONDISI 1);93,45238095
KANWIL JAKARTA 9;AREA SENEN;CP SALEMBA;Penaksir;TOTAL Sikap Saat Menyambut Nasabah Datang;75
KANWIL JAKARTA 10;AREA SENEN;CP SALEMBA;Penaksir;TOTAL Penampilan Penaksir;100
KANWIL JAKARTA 11;AREA SENEN;CP SALEMBA;Penaksir;TOTAL Sikap Penaksir dalam Melayani Nasabah;85,71428571
KANWIL JAKARTA 12;AREA SENEN;CP SALEMBA;Penaksir;TOTAL Skill Penaksir (KONDISI 1);100
KANWIL JAKARTA 13;AREA SENEN;CP SALEMBA;Penaksir;TOTAL Sikap Saat Mengakhiri Pelayanan;100
KANWIL JAKARTA 14;AREA SENEN;CP SALEMBA;Penaksir;TOTAL NEGATIVE CHECKING Kegiatan Penaksir (KONDISI 1);100
KANWIL JAKARTA 15;AREA SENEN;CP SALEMBA;Kasir;Total Kasir (KONDISI 1);95,47619048
KANWIL JAKARTA 16;AREA SENEN;CP SALEMBA;Kasir;Total Sikap Saat Menyambut Nasabah Datang;90
KANWIL JAKARTA 17;AREA SENEN;CP SALEMBA;Kasir;Total Penampilan Kasir;100
KANWIL JAKARTA 18;AREA SENEN;CP SALEMBA;Kasir;Total Sikap Kasir dalam Melayani Nasabah;100
KANWIL JAKARTA 19;AREA SENEN;CP SALEMBA;Kasir;Total Skill Kasir (Transaksi Pelunasan & Gadai);82,85714286
KANWIL JAKARTA 20;AREA SENEN;CP SALEMBA;Kasir;Total Sikap Saat Mengakhiri Pelayanan;100
KANWIL JAKARTA 21;AREA SENEN;CP SALEMBA;Kasir;Total Kegiatan Kasir (KONDISI 1);100
KANWIL JAKARTA 22;AREA SENEN;CP SALEMBA;Kebersihan;Total Kebersihan (KONDISI 1);62,5
KANWIL JAKARTA 23;AREA SENEN;CP SALEMBA;Kebersihan;Total Eksterior Kantor Cabang (TANYAKAN JIKA TERKODE 2 DI AW0);66,66666667
KANWIL JAKARTA 24;AREA SENEN;CP SALEMBA;Kebersihan;Total Interior Kantor Cabang (TANYAKAN JIKA TERKODE 2 DI AW0);58,33333333
KANWIL JAKARTA 25;AREA SENEN;CP SALEMBA;New Normal;Total New Normal (KONDISI 1);91,66666667
KANWIL JAKARTA 26;AREA SENEN;CP SALEMBA;New Normal;TOTAL Pelayanan dan Pencegahan oleh Satpam (TANYAKAN JIKA TERKODE 1 DI A1);100
KANWIL JAKARTA 27;AREA SENEN;CP SALEMBA;New Normal;Total Fasilitas, Prasarana, dan Sarana;100
KANWIL JAKARTA 28;AREA SENEN;CP SALEMBA;New Normal;Total Pelayanan dan Pencegahan oleh Karyawan;75
KANWIL JAKARTA 29;AREA SENEN;CP SALEMBA;Pengelola Agunan;Total Pengelola Agunan (KONDISI 1);94,44444444
KANWIL JAKARTA 30;AREA SENEN;CP SALEMBA;Pengelola Agunan;Total Sikap Saat Menyambut Nasabah Datang;100
KANWIL JAKARTA 31;AREA SENEN;CP SALEMBA;Pengelola Agunan;Total Penampilan Pengelola Agunan;66,66666667
KANWIL JAKARTA 32;AREA SENEN;CP SALEMBA;Pengelola Agunan;Total Sikap Pengelola Agunan dalam Melayani Nasabah;100
KANWIL JAKARTA 33;AREA SENEN;CP SALEMBA;Pengelola Agunan;Total Skill Pengelola Agunan;100
KANWIL JAKARTA 34;AREA SENEN;CP SALEMBA;Pengelola Agunan;Total Sikap yang Dilakukan Pengelola Agunan Saat Mengakhiri Layanan;100
KANWIL JAKARTA 35;AREA SENEN;CP SALEMBA;Pengelola Agunan;Total Kegiatan Pengelola Agunan (KONDISI 1);100
KANWIL JAKARTA 36;AREA SENEN;CP SALEMBA;Frontliner;TOTAL FRONTLINER (KONDISI 1) negatif jadi dapat skor ;83,33333333
KANWIL JAKARTA 37;AREA SENEN;CP SALEMBA;Frontliner;TOTAL Sikap Frontliner/Staff Dalam Menerima Panggilan Telepon (KONDISI 1);83,33333333
KANWIL JAKARTA 38;AREA SENEN;CP SALEMBA;Frontliner;TOTAL Sikap Saat Melayani di Telepon & Handling Complaint;66,66666667
KANWIL JAKARTA 39;AREA SENEN;CP SALEMBA;Frontliner;TOTAL Sikap Frontliner/Staff Dalam Mengakhiri Panggilan Telepon;83,33333333
KANWIL JAKARTA 40;AREA SENEN;CP SALEMBA;Frontliner;TOTAL Kegiatan Frontliner (KONDISI 1);100
KANWIL JAKARTA 41;AREA SENEN;CP SALEMBA;RO;Total RO (KONDISI 1);
KANWIL JAKARTA 42;AREA SENEN;CP SALEMBA;RO;Total Sikap Saat Menyambut Nasabah Datang;
KANWIL JAKARTA 43;AREA SENEN;CP SALEMBA;RO;Total Penampilan RO;
KANWIL JAKARTA 44;AREA SENEN;CP SALEMBA;RO;Total Sikap Saat Melayani Nasabah;
KANWIL JAKARTA 45;AREA SENEN;CP SALEMBA;RO;Total Skill RO;
KANWIL JAKARTA 46;AREA SENEN;CP SALEMBA;RO;Total Sikap yang Dilakukan RO Saat Mengakhiri Layanan;
KANWIL JAKARTA 47;AREA SENEN;CP SALEMBA;RO;Total Kegiatan RO (KONDISI 1);
KANWIL BANDUNG;AREA BANDUNG 2;CP KIARACONDONG;Satpam;Total Satpam (KONDISI 1);95,83333333
KANWIL BANDUNG;AREA BANDUNG 3;CP KIARACONDONG;Satpam;Total Keberadaan Satpam;100
KANWIL BANDUNG;AREA BANDUNG 4;CP KIARACONDONG;Satpam;Total Sikap Satpam Saat Menyambut Nasabah;100
KANWIL BANDUNG;AREA BANDUNG 5;CP KIARACONDONG;Satpam;TOTAL Sikap Satpam Saat Melayani Nasabah (Menanyakan Formulir, Transaksi, atau Persyaratan Kredit) KONDISI 1;50
KANWIL BANDUNG;AREA BANDUNG 6;CP KIARACONDONG;Satpam;Total Sikap Satpam Saat Nasabah Keluar;100
KANWIL BANDUNG;AREA BANDUNG 7;CP KIARACONDONG;Satpam;Total Penampilan Satpam;100
KANWIL BANDUNG;AREA BANDUNG 8;CP KIARACONDONG;Satpam;Total Kegiatan Satpam (KONDISI 1);100
KANWIL BANDUNG;AREA BANDUNG 9;CP KIARACONDONG;Penaksir;Total Penaksir (KONDISI 1);90,27777778
KANWIL BANDUNG;AREA BANDUNG 10;CP KIARACONDONG;Penaksir;TOTAL Sikap Saat Menyambut Nasabah Datang;75
KANWIL BANDUNG;AREA BANDUNG 11;CP KIARACONDONG;Penaksir;TOTAL Penampilan Penaksir;100
KANWIL BANDUNG;AREA BANDUNG 12;CP KIARACONDONG;Penaksir;TOTAL Sikap Penaksir dalam Melayani Nasabah;66,66666667
KANWIL BANDUNG;AREA BANDUNG 13;CP KIARACONDONG;Penaksir;TOTAL Skill Penaksir (KONDISI 1);100
KANWIL BANDUNG;AREA BANDUNG 14;CP KIARACONDONG;Penaksir;TOTAL Sikap Saat Mengakhiri Pelayanan;100
KANWIL BANDUNG;AREA BANDUNG 15;CP KIARACONDONG;Penaksir;TOTAL NEGATIVE CHECKING Kegiatan Penaksir (KONDISI 1);100
KANWIL BANDUNG;AREA BANDUNG 16;CP KIARACONDONG;Kasir;Total Kasir (KONDISI 1);74,68253968
KANWIL BANDUNG;AREA BANDUNG 17;CP KIARACONDONG;Kasir;Total Sikap Saat Menyambut Nasabah Datang;73,33333333
KANWIL BANDUNG;AREA BANDUNG 18;CP KIARACONDONG;Kasir;Total Penampilan Kasir;69,04761905
KANWIL BANDUNG;AREA BANDUNG 19;CP KIARACONDONG;Kasir;Total Sikap Kasir dalam Melayani Nasabah;75
KANWIL BANDUNG;AREA BANDUNG 20;CP KIARACONDONG;Kasir;Total Skill Kasir (Transaksi Pelunasan & Gadai);50,71428571
KANWIL BANDUNG;AREA BANDUNG 21;CP KIARACONDONG;Kasir;Total Sikap Saat Mengakhiri Pelayanan;80
KANWIL BANDUNG;AREA BANDUNG 22;CP KIARACONDONG;Kasir;Total Kegiatan Kasir (KONDISI 1);100
KANWIL BANDUNG;AREA BANDUNG 23;CP KIARACONDONG;Kebersihan;Total Kebersihan (KONDISI 1);
KANWIL BANDUNG;AREA BANDUNG 24;CP KIARACONDONG;Kebersihan;Total Eksterior Kantor Cabang (TANYAKAN JIKA TERKODE 2 DI AW0);
KANWIL BANDUNG;AREA BANDUNG 25;CP KIARACONDONG;Kebersihan;Total Interior Kantor Cabang (TANYAKAN JIKA TERKODE 2 DI AW0);
KANWIL BANDUNG;AREA BANDUNG 26;CP KIARACONDONG;New Normal;Total New Normal (KONDISI 1);58,88888889
KANWIL BANDUNG;AREA BANDUNG 27;CP KIARACONDONG;New Normal;TOTAL Pelayanan dan Pencegahan oleh Satpam (TANYAKAN JIKA TERKODE 1 DI A1);66,66666667
KANWIL BANDUNG;AREA BANDUNG 28;CP KIARACONDONG;New Normal;Total Fasilitas, Prasarana, dan Sarana;60
KANWIL BANDUNG;AREA BANDUNG 29;CP KIARACONDONG;New Normal;Total Pelayanan dan Pencegahan oleh Karyawan;50
KANWIL BANDUNG;AREA BANDUNG 30;CP KIARACONDONG;Pengelola Agunan;Total Pengelola Agunan (KONDISI 1);91,11111111
KANWIL BANDUNG;AREA BANDUNG 31;CP KIARACONDONG;Pengelola Agunan;Total Sikap Saat Menyambut Nasabah Datang;100
KANWIL BANDUNG;AREA BANDUNG 32;CP KIARACONDONG;Pengelola Agunan;Total Penampilan Pengelola Agunan;100
KANWIL BANDUNG;AREA BANDUNG 33;CP KIARACONDONG;Pengelola Agunan;Total Sikap Pengelola Agunan dalam Melayani Nasabah;80
KANWIL BANDUNG;AREA BANDUNG 34;CP KIARACONDONG;Pengelola Agunan;Total Skill Pengelola Agunan;100
KANWIL BANDUNG;AREA BANDUNG 35;CP KIARACONDONG;Pengelola Agunan;Total Sikap yang Dilakukan Pengelola Agunan Saat Mengakhiri Layanan;66,66666667
KANWIL BANDUNG;AREA BANDUNG 36;CP KIARACONDONG;Pengelola Agunan;Total Kegiatan Pengelola Agunan (KONDISI 1);100
KANWIL BANDUNG;AREA BANDUNG 37;CP KIARACONDONG;Frontliner;TOTAL FRONTLINER (KONDISI 1) negatif jadi dapat skor ;50
KANWIL BANDUNG;AREA BANDUNG 38;CP KIARACONDONG;Frontliner;TOTAL Sikap Frontliner/Staff Dalam Menerima Panggilan Telepon (KONDISI 1);66,66666667
KANWIL BANDUNG;AREA BANDUNG 39;CP KIARACONDONG;Frontliner;TOTAL Sikap Saat Melayani di Telepon & Handling Complaint;0
KANWIL BANDUNG;AREA BANDUNG 40;CP KIARACONDONG;Frontliner;TOTAL Sikap Frontliner/Staff Dalam Mengakhiri Panggilan Telepon;33,33333333
KANWIL BANDUNG;AREA BANDUNG 41;CP KIARACONDONG;Frontliner;TOTAL Kegiatan Frontliner (KONDISI 1);100
KANWIL BANDUNG;AREA BANDUNG 42;CP KIARACONDONG;RO;Total RO (KONDISI 1);
KANWIL BANDUNG;AREA BANDUNG 43;CP KIARACONDONG;RO;Total Sikap Saat Menyambut Nasabah Datang;
KANWIL BANDUNG;AREA BANDUNG 44;CP KIARACONDONG;RO;Total Penampilan RO;
KANWIL BANDUNG;AREA BANDUNG 45;CP KIARACONDONG;RO;Total Sikap Saat Melayani Nasabah;
KANWIL BANDUNG;AREA BANDUNG 46;CP KIARACONDONG;RO;Total Skill RO;
KANWIL BANDUNG;AREA BANDUNG 47;CP KIARACONDONG;RO;Total Sikap yang Dilakukan RO Saat Mengakhiri Layanan;
KANWIL BANDUNG;AREA BANDUNG 48;CP KIARACONDONG;RO;Total Kegiatan RO (KONDISI 1);
KANWIL JAKARTA 1;AREA SENEN;CP PASAR BARU;Satpam;Total Satpam (KONDISI 1);100
KANWIL JAKARTA 2;AREA SENEN;CP PASAR BARU;Satpam;Total Keberadaan Satpam;100
KANWIL JAKARTA 3;AREA SENEN;CP PASAR BARU;Satpam;Total Sikap Satpam Saat Menyambut Nasabah;100
KANWIL JAKARTA 4;AREA SENEN;CP PASAR BARU;Satpam;TOTAL Sikap Satpam Saat Melayani Nasabah (Menanyakan Formulir, Transaksi, atau Persyaratan Kredit) KONDISI 1;
KANWIL JAKARTA 5;AREA SENEN;CP PASAR BARU;Satpam;Total Sikap Satpam Saat Nasabah Keluar;100
KANWIL JAKARTA 6;AREA SENEN;CP PASAR BARU;Satpam;Total Penampilan Satpam;100
KANWIL JAKARTA 7;AREA SENEN;CP PASAR BARU;Satpam;Total Kegiatan Satpam (KONDISI 1);100
KANWIL JAKARTA 8;AREA SENEN;CP PASAR BARU;Penaksir;Total Penaksir (KONDISI 1);90,27777778
KANWIL JAKARTA 9;AREA SENEN;CP PASAR BARU;Penaksir;TOTAL Sikap Saat Menyambut Nasabah Datang;75
KANWIL JAKARTA 10;AREA SENEN;CP PASAR BARU;Penaksir;TOTAL Penampilan Penaksir;100
KANWIL JAKARTA 11;AREA SENEN;CP PASAR BARU;Penaksir;TOTAL Sikap Penaksir dalam Melayani Nasabah;100
KANWIL JAKARTA 12;AREA SENEN;CP PASAR BARU;Penaksir;TOTAL Skill Penaksir (KONDISI 1);100
KANWIL JAKARTA 13;AREA SENEN;CP PASAR BARU;Penaksir;TOTAL Sikap Saat Mengakhiri Pelayanan;66,66666667
KANWIL JAKARTA 14;AREA SENEN;CP PASAR BARU;Penaksir;TOTAL NEGATIVE CHECKING Kegiatan Penaksir (KONDISI 1);100
KANWIL JAKARTA 15;AREA SENEN;CP PASAR BARU;Kasir;Total Kasir (KONDISI 1);97,5
KANWIL JAKARTA 16;AREA SENEN;CP PASAR BARU;Kasir;Total Sikap Saat Menyambut Nasabah Datang;100
KANWIL JAKARTA 17;AREA SENEN;CP PASAR BARU;Kasir;Total Penampilan Kasir;100
KANWIL JAKARTA 18;AREA SENEN;CP PASAR BARU;Kasir;Total Sikap Kasir dalam Melayani Nasabah;100
KANWIL JAKARTA 19;AREA SENEN;CP PASAR BARU;Kasir;Total Skill Kasir (Transaksi Pelunasan & Gadai);85
KANWIL JAKARTA 20;AREA SENEN;CP PASAR BARU;Kasir;Total Sikap Saat Mengakhiri Pelayanan;100
KANWIL JAKARTA 21;AREA SENEN;CP PASAR BARU;Kasir;Total Kegiatan Kasir (KONDISI 1);100
KANWIL JAKARTA 22;AREA SENEN;CP PASAR BARU;Kebersihan;Total Kebersihan (KONDISI 1);100
KANWIL JAKARTA 23;AREA SENEN;CP PASAR BARU;Kebersihan;Total Eksterior Kantor Cabang (TANYAKAN JIKA TERKODE 2 DI AW0);100
KANWIL JAKARTA 24;AREA SENEN;CP PASAR BARU;Kebersihan;Total Interior Kantor Cabang (TANYAKAN JIKA TERKODE 2 DI AW0);100
KANWIL JAKARTA 25;AREA SENEN;CP PASAR BARU;New Normal;Total New Normal (KONDISI 1);79,44444444
KANWIL JAKARTA 26;AREA SENEN;CP PASAR BARU;New Normal;TOTAL Pelayanan dan Pencegahan oleh Satpam (TANYAKAN JIKA TERKODE 1 DI A1);83,33333333
KANWIL JAKARTA 27;AREA SENEN;CP PASAR BARU;New Normal;Total Fasilitas, Prasarana, dan Sarana;80
KANWIL JAKARTA 28;AREA SENEN;CP PASAR BARU;New Normal;Total Pelayanan dan Pencegahan oleh Karyawan;75
KANWIL JAKARTA 29;AREA SENEN;CP PASAR BARU;Pengelola Agunan;Total Pengelola Agunan (KONDISI 1);100
KANWIL JAKARTA 30;AREA SENEN;CP PASAR BARU;Pengelola Agunan;Total Sikap Saat Menyambut Nasabah Datang;100
KANWIL JAKARTA 31;AREA SENEN;CP PASAR BARU;Pengelola Agunan;Total Penampilan Pengelola Agunan;100
KANWIL JAKARTA 32;AREA SENEN;CP PASAR BARU;Pengelola Agunan;Total Sikap Pengelola Agunan dalam Melayani Nasabah;100
KANWIL JAKARTA 33;AREA SENEN;CP PASAR BARU;Pengelola Agunan;Total Skill Pengelola Agunan;100
KANWIL JAKARTA 34;AREA SENEN;CP PASAR BARU;Pengelola Agunan;Total Sikap yang Dilakukan Pengelola Agunan Saat Mengakhiri Layanan;100
KANWIL JAKARTA 35;AREA SENEN;CP PASAR BARU;Pengelola Agunan;Total Kegiatan Pengelola Agunan (KONDISI 1);100
KANWIL JAKARTA 36;AREA SENEN;CP PASAR BARU;Frontliner;TOTAL FRONTLINER (KONDISI 1) negatif jadi dapat skor ;0
KANWIL JAKARTA 37;AREA SENEN;CP PASAR BARU;Frontliner;TOTAL Sikap Frontliner/Staff Dalam Menerima Panggilan Telepon (KONDISI 1);0
KANWIL JAKARTA 38;AREA SENEN;CP PASAR BARU;Frontliner;TOTAL Sikap Saat Melayani di Telepon & Handling Complaint;0
KANWIL JAKARTA 39;AREA SENEN;CP PASAR BARU;Frontliner;TOTAL Sikap Frontliner/Staff Dalam Mengakhiri Panggilan Telepon;0
KANWIL JAKARTA 40;AREA SENEN;CP PASAR BARU;Frontliner;TOTAL Kegiatan Frontliner (KONDISI 1);0
KANWIL JAKARTA 41;AREA SENEN;CP PASAR BARU;RO;Total RO (KONDISI 1);
KANWIL JAKARTA 42;AREA SENEN;CP PASAR BARU;RO;Total Sikap Saat Menyambut Nasabah Datang;
KANWIL JAKARTA 43;AREA SENEN;CP PASAR BARU;RO;Total Penampilan RO;
KANWIL JAKARTA 44;AREA SENEN;CP PASAR BARU;RO;Total Sikap Saat Melayani Nasabah;
KANWIL JAKARTA 45;AREA SENEN;CP PASAR BARU;RO;Total Skill RO;
KANWIL JAKARTA 46;AREA SENEN;CP PASAR BARU;RO;Total Sikap yang Dilakukan RO Saat Mengakhiri Layanan;
KANWIL JAKARTA 47;AREA SENEN;CP PASAR BARU;RO;Total Kegiatan RO (KONDISI 1);
