REGION;AREA;CABANG;TIPE;Total Skor ;Total Satpam (KONDISI 1);Total Keberadaan Satpam;Total Penaksir (KONDISI 1);Total Kasir (KONDISI 1)
KANWIL MEDAN;AREA MEDAN 2;CP PRINGGAN;KONVEN;63;85,69;100;47,22;57,74
KANWIL MEDAN;AREA MEDAN 2;CP SIMPANG LIMUN;KONVEN;79;91,67;100;77,78;76,98
KANWIL MEDAN;AREA MEDAN 2;CP PASAR MERAH;KONVEN;77;92,78;100;86,11;91,31
KANWIL MEDAN;AREA MEDAN 2;CP MANDALA;KONVEN;84;79,86;100;89,52;78,33
KANWIL MEDAN;AREA MEDAN 1;CPS AR.HAKIM;SYARIAH;83;84,03;100;87,5;86,63
KANWIL MEDAN;AREA MEDAN 2;CP SETIA BUDI;KONVEN;83;87,08;75;76,39;79,68
KANWIL JAKARTA 1;AREA JATIWARINGIN;CP KEMANG PRATAMA;KONVEN;82;88,06;100;72,22;79,29
KANWIL JAKARTA 1;AREA JATIWARINGIN;CP GALAXI;KONVEN;86;93,33;100;90,28;79,76
KANWIL JAKARTA 1;AREA SENEN;CP CEMPAKA PUTIH;KONVEN;91;92,36;100;100;88,04
KANWIL JAKARTA 1;AREA SENEN;CP SALEMBA;KONVEN;90;93,56;100;93,45;95,48
KANWIL BANDUNG;AREA BANDUNG 2;CP KIARACONDONG;KONVEN;82;95,83;100;90,28;74,68
KANWIL JAKARTA 1;AREA SENEN;CP PASAR BARU;KONVEN;91;100;100;90,28;97,5
KANWIL JAKARTA 1;AREA SENEN;CP PASAR SENEN;KONVEN;88;89,17;75;94,44;88,21
KANWIL JAKARTA 1;AREA SENEN;CP ITC CEMPAKA MAS;KONVEN;74;98,61;100;65,28;82,82
KANWIL JAKARTA 1;AREA SENEN;CPS KRAMAT RAYA;SYARIAH;84;88,61;100;84,92;88,73
KANWIL BANDUNG;AREA TASIKMALAYA;CP CICALENGKA;KONVEN;77;100;100;59,72;80,81
KANWIL JAKARTA 1;AREA BEKASI;CPS ISLAMIC CENTRE;SYARIAH;69;89,31;100;49,37;64,01
KANWIL BANDUNG;AREA BANDUNG 1;CPS PAJAJARAN;SYARIAH;93;100;100;100;86,51
KANWIL JAKARTA 1;AREA SENEN;CP PETAMBURAN;KONVEN;91;95;100;93,45;88,81
KANWIL BANDUNG;AREA BANDUNG 2;CP PASAR KORDON;KONVEN;86;97,92;100;79,17;85,54
KANWIL BANDUNG;AREA BANDUNG 1;CP CIMAHI;KONVEN;87;100;100;83,97;86,23
KANWIL BANDUNG;AREA BANDUNG 1;CP PUNGKUR;KONVEN;92;100;100;97,22;79,62
KANWIL BANDUNG;AREA BANDUNG 1;CPS SITUSAEUR;SYARIAH;83;90;100;88,73;84,07
KANWIL MEDAN;AREA MEDAN 2;CP PADANG BULAN;KONVEN;89;97,92;100;84,72;90,48
KANWIL MEDAN;AREA MEDAN 2;CPS SETIA BUDI;SYARIAH;80;97,92;100;65,28;85,48
KANWIL BANDUNG;AREA BANDUNG 2;CP SUBANG;KONVEN;88;86,67;100;94,44;84,76
KANWIL BANDUNG;AREA CIREBON;CP PAMANUKAN;KONVEN;81;75,83;100;91,11;79,05
KANWIL MEDAN;AREA MEDAN 1;CP MEDAN UTAMA;KONVEN;75;81,67;100;79,17;72,32
KANWIL BANDUNG;AREA BANDUNG 2;CP SUCI;KONVEN;84;88,83;100;90,28;83,51
KANWIL MEDAN;AREA MEDAN 1;CP LABUHAN DELI;KONVEN;76;89,17;50;91,67;60,85
KANWIL MEDAN;AREA BANDA ACEH;CPS BANDA ACEH;SYARIAH;83;71,25;50;80,56;85,89
KANWIL BANDUNG;AREA BANDUNG 1;CP CIMINDI;KONVEN;83;93,75;100;73,61;81,79
KANWIL JAKARTA 1;AREA JATIWARINGIN;CPS PLAZA THB;SYARIAH;83;100;100;63,89;88,15
KANWIL JAKARTA 1;AREA JATIWARINGIN;CP PONDOK UNGU;KONVEN;88;97,92;100;91,9;76,41
KANWIL JAKARTA 1;AREA JATIWARINGIN;CP KRANJI;KONVEN;87;95,83;100;89,52;81,53
KANWIL MEDAN;AREA MEDAN 1;CP KP LALANG;KONVEN;80;100;100;65;84,48
KANWIL JAKARTA 1;AREA BEKASI;CP BEKASI UTAMA;KONVEN;72;77,08;75;79,17;66,27
KANWIL BANDUNG;AREA BANDUNG 2;CP SAYATI;KONVEN;81;87,5;100;87,5;78,08
KANWIL JAKARTA 1;AREA BEKASI;CP BEKASI TIMUR;KONVEN;65;85,83;100;81,35;48,53
KANWIL BANDUNG;AREA CIREBON;CPS CIPTO;SYARIAH;86;91,39;100;73,61;84,98
KANWIL JAKARTA 1;AREA BEKASI;CP SETIA MEKAR;KONVEN;58;87,64;100;20,83;66,57
KANWIL BANDUNG;AREA TASIKMALAYA;CP SUMEDANG;KONVEN;85;89,58;100;94,44;83,59
KANWIL BANDUNG;AREA TASIKMALAYA;CP SINGAPARNA;KONVEN;81;67,08;100;91,9;83,59
KANWIL BANDUNG;AREA BANDUNG 1;CPS KEBONJATI SUKABUMI;SYARIAH;89;94,17;100;100;72,56
KANWIL BANDUNG;AREA BANDUNG 1;CP SUKABUMI;KONVEN;88;89,17;100;91,11;84,84
KANWIL BANDUNG;AREA BANDUNG 2;CP SOREANG;KONVEN;82;87,5;75;91,67;72,62
KANWIL BANDUNG;AREA BANDUNG 2;CP CIPARAY;KONVEN;92;95,83;100;95,83;89,29
KANWIL BANDUNG;AREA BANDUNG 2;CP PASAR BANJARAN;KONVEN;92;93,06;100;97,62;91,29
KANWIL JAKARTA 1;AREA BEKASI;CP CIKARANG;KONVEN;86;89,17;75;90,12;85,32
KANWIL BANDUNG;AREA BANDUNG 1;CP SUKAJADI;KONVEN;79;76,28;100;70,83;81,27
KANWIL MEDAN;AREA MEDAN 1;CP GAHARU;KONVEN;86;93,75;100;66,67;95,83
KANWIL MEDAN;AREA MEDAN 1;CP KRAKATAU;KONVEN;89;88,19;100;93,89;89,01
KANWIL BANDUNG;AREA TASIKMALAYA;CP TANJUNGSARI;KONVEN;87;95,83;100;97,62;88,45
KANWIL MEDAN;AREA MEDAN 1;CP PULO BRAYAN;KONVEN;81;94,44;100;79,17;87,96
KANWIL BANDUNG;AREA BANDUNG 2;CPS VETERAN;SYARIAH;70;77,92;100;71,31;69,96
KANWIL MEDAN;AREA MEDAN 1;CP PANCUR BATU;KONVEN;85;100;100;90,28;90,89
KANWIL BANDUNG;AREA BANDUNG 2;CPS MAJALAYA;SYARIAH;80;94,17;100;73,65;69,13
KANWIL BANDUNG;AREA BANDUNG 1;CP CIKUDAPATEUH;KONVEN;82;87,5;75;86,94;82,74
KANWIL MEDAN;AREA BANDA ACEH;CPS MEULABOH;SYARIAH;75;74,44;100;72,42;81,51
KANWIL JAKARTA 1;AREA KRAMATJATI;CP PENGGILINGAN;KONVEN;89;86,56;100;84,72;92,98
KANWIL MEDAN;AREA BANDA ACEH;CPS BLANG PIDIE;SYARIAH;69;80,56;100;61,67;73,37
KANWIL JAKARTA 1;AREA KRAMATJATI;CP PONDOK KELAPA;KONVEN;96;100;100;100;87,58
KANWIL MEDAN;AREA MEDAN 1;CP MEDAN SUNGGAL;KONVEN;65;83,61;100;40,44;74,46
KANWIL MEDAN;AREA MEDAN 1;CP HELVETIA;KONVEN;77;84,03;100;75;74,4
KANWIL JAKARTA 1;AREA KRAMATJATI;CP BUARAN;KONVEN;90;95,56;100;92,5;94,64
KANWIL MEDAN;AREA MEDAN 1;CP MEDAN PETISAH;KONVEN;76;89,58;100;76,39;65,85
KANWIL JAKARTA 1;AREA KRAMATJATI;CP KRANGGAN;KONVEN;76;91,39;100;81,94;66,27
KANWIL JAKARTA 1;AREA JATIWARINGIN;CP PONDOK MELATI;KONVEN;68;92,5;100;69,72;51,87
KANWIL MEDAN;AREA MEDAN 1;CP PKL BRANDAN;KONVEN;77;86,81;100;67,02;85,6
KANWIL MAKASAR;AREA MAKASAR 1;CP MALIMONGAN BARU;KONVEN;85;100;100;86,11;75,32
KANWIL MEDAN;AREA MEDAN 2;CP TEBING TINGGI;KONVEN;76;84,72;100;93,45;87,38
KANWIL BANDUNG;AREA TASIKMALAYA;CPS PADAYUNGAN;SYARIAH;87;92,36;100;86,11;84,62
KANWIL MAKASAR;AREA MAKASAR 1;CP DAYA;KONVEN;73;50;50;84,72;65,71
KANWIL MEDAN;AREA RANTAU PRAPAT;CP PEMATANG SIANTAR;KONVEN;65;96,25;100;78,97;59,44
KANWIL MAKASAR;AREA MAKASAR 2;CP PABAENGBAENG;KONVEN;92;97,5;100;95,83;93,25
KANWIL MAKASAR;AREA MAKASAR 1;CP PASAR BUTUNG;KONVEN;84;82,92;100;94,29;79,56
KANWIL MEDAN;AREA RANTAU PRAPAT;CP PARLUASAN;KONVEN;66;76,39;100;58,33;65,38
KANWIL MAKASAR;AREA MAKASAR 2;CP HERTASNING;KONVEN;84;50;50;100;86,43
KANWIL MAKASAR;AREA MAKASAR 2;CP TALASALAPANG;KONVEN;85;95,83;100;85,36;84,58
KANWIL MEDAN;AREA MEDAN 2;CP PERBAUNGAN;KONVEN;70;85;100;59,05;63,39
KANWIL BANDUNG;AREA CIREBON;CP JAMBLANG;KONVEN;78;86,11;100;77,78;72,46
KANWIL MEDAN;AREA MEDAN 2;CP SERBALAWAN;KONVEN;71;70;100;73,89;71,21
KANWIL MAKASAR;AREA MAKASAR 2;CP MAKASSAR;KONVEN;83;100;100;84,72;77,98
KANWIL BANDUNG;AREA BANDUNG 1;CP GEGERKALONG;KONVEN;86;95,83;100;77,42;89,21
KANWIL MEDAN;AREA RANTAU PRAPAT;CP PADANG SIDEMPUAN;KONVEN;87;100;100;89,72;79,01
KANWIL JAKARTA 1;AREA JATIWARINGIN;CP PLAZA PONDOK GEDE;KONVEN;79;93,06;100;62,5;77,38
KANWIL JAKARTA 1;AREA JATIWARINGIN;CP JATIWARINGIN;KONVEN;90;96,53;100;79,17;92,06
KANWIL JAKARTA 1;AREA BEKASI;CP KALIMALANG;KONVEN;72;85,83;100;61,11;69,52
KANWIL JAKARTA 1;AREA JATIWARINGIN;CP PONDOK BAMBU;KONVEN;80;96,53;100;61,11;85,79
KANWIL JAKARTA 1;AREA JATIWARINGIN;CP HARAPAN INDAH;KONVEN;73;85,83;100;77,18;67,94
KANWIL BANDUNG;AREA CIREBON;CP PLERED;KONVEN;74;81,94;100;77,78;61,27
KANWIL MAKASAR;AREA MAKASAR 1;CP SUDIANG;KONVEN;60;70,56;100;66,67;48,83
KANWIL JAKARTA 1;AREA BEKASI;CPS METRO BOULEVARD CIKARANG;SYARIAH;95;95,83;100;95,24;94,05
KANWIL MAKASAR;AREA MAKASAR 1;CP ANTANG;KONVEN;71;72,22;100;76,39;57,16
KANWIL BANDUNG;AREA TASIKMALAYA;CPS GUNTUR GARUT;SYARIAH;64;83,33;100;20,83;69,13
KANWIL MAKASAR;AREA AMBON;CP NUSANIWE;KONVEN;81;87,36;100;91,67;90,87
KANWIL BANDUNG;AREA TASIKMALAYA;CP JATIWANGI;KONVEN;89;96,94;100;79,56;91,15
KANWIL MEDAN;AREA RANTAU PRAPAT;CP SIBOLGA;KONVEN;71;84,72;100;66,67;63,13
KANWIL BANDUNG;AREA TASIKMALAYA;CP GARUT;KONVEN;77;94,86;100;77,78;58,37
KANWIL BANDUNG;AREA TASIKMALAYA;CP CIBATU;KONVEN;68;78,61;100;78,45;59,35
KANWIL MEDAN;AREA MEDAN 1;CP KABANJAHE;KONVEN;79;84,72;100;69,44;76,43
KANWIL BANDUNG;AREA BANDUNG 1;CP PADALARANG;KONVEN;85;92,36;100;90,08;83,04
KANWIL BANDUNG;AREA CIREBON;CP KLAYAN;KONVEN;72;83,06;100;75;49,66
KANWIL BANDUNG;AREA TASIKMALAYA;CP KUNINGAN;KONVEN;82;70,42;100;87,7;79,05
KANWIL BANDUNG;AREA TASIKMALAYA;CP CILIMUS;KONVEN;82;78,47;100;94,44;70,22
KANWIL BANDUNG;AREA CIREBON;CP CIREBON;KONVEN;87;95,83;100;90,28;82,52
KANWIL MAKASAR;AREA KENDARI;CP WUA WUA;KONVEN;73;75;75;75;75,36
KANWIL BANDUNG;AREA TASIKMALAYA;CP TASIKMALAYA;KONVEN;80;79,17;100;87,74;74,62
KANWIL MEDAN;AREA BANDA ACEH;CPS TAPAK TUAN;SYARIAH;76;69,44;75;68,13;85,93
KANWIL BANDUNG;AREA CIREBON;CP CILEDUG;KONVEN;92;92,78;100;100;91,15
KANWIL BANDUNG;AREA CIREBON;CP LOSARI;KONVEN;92;92,17;100;90,28;93,87
KANWIL MEDAN;AREA BANDA ACEH;CPS LANGSA;SYARIAH;91;96,53;100;94,44;90,48
KANWIL MEDAN;AREA BANDA ACEH;CPS KUALA SIMPANG;SYARIAH;93;95,83;100;97,62;93,81
KANWIL BANDUNG;AREA BANDUNG 2;CP BUAH BATU;KONVEN;86;91,67;100;81,39;83,71
KANWIL BANDUNG;AREA TASIKMALAYA;CP MAJALENGKA;KONVEN;88;83,75;100;91,67;86,63
KANWIL JAKARTA 1;AREA BOGOR;CP BOJONGSARI;KONVEN;81;78,89;100;91,67;76,27
KANWIL JAKARTA 1;AREA BOGOR;CP KEDUNGHALANG;KONVEN;78;71,94;100;91,67;78,35
KANWIL JAKARTA 1;AREA BOGOR;CP PASAR MAWAR;KONVEN;73;72,22;100;73,61;71,47
KANWIL JAKARTA 1;AREA BOGOR;CPS BOGOR BARU;SYARIAH;89;96,11;100;94,44;86,98
KANWIL JAKARTA 1;AREA KRAMATJATI;CP KOTA WISATA;KONVEN;90;100;100;84,72;87,48
KANWIL MAKASAR;AREA MAKASAR 1;CP PELITA;KONVEN;68;98,61;100;56,94;65,69
KANWIL MEDAN;AREA RANTAU PRAPAT;CP T B ASAHAN;KONVEN;70;66,39;75;76,39;73,35
KANWIL BANDUNG;AREA BANDUNG 2;CP UJUNGBERUNG;KONVEN;87;94,17;100;81,94;87,88
KANWIL MAKASAR;AREA MAKASAR 1;CP MAROS;KONVEN;63;90;100;54,17;65,91
KANWIL MEDAN;AREA RANTAU PRAPAT;CPS RANTAU PRAPAT;SYARIAH;81;90,42;100;79,17;89,21
KANWIL PALEMBANG;AREA LAMPUNG;CP METRO;KONVEN;85;96,67;100;95,83;86,98
KANWIL MAKASAR;AREA MAKASAR 2;CP LIMBUNG;KONVEN;65;69,31;100;76,39;55,18
KANWIL MEDAN;AREA MEDAN 2;CP TANJUNG MORAWA;KONVEN;74;90,97;100;72,22;73,63
KANWIL MEDAN;AREA RANTAU PRAPAT;CP KISARAN;KONVEN;73;70,97;50;84,72;75,77
KANWIL JAKARTA 1;AREA BOGOR;CPS MARGONDA;SYARIAH;85;94,86;100;81,94;82,98
KANWIL MAKASAR;AREA PARE-PARE;CP PARE PARE;KONVEN;81;87,92;100;76,39;83,87
KANWIL MAKASAR;AREA PARE-PARE;CP PINRANG;KONVEN;81;86,67;75;76,39;82,2
KANWIL BANDUNG;AREA CIREBON;CP INDRAMAYU;KONVEN;47;67,36;75;51,15;46,33
KANWIL BANDUNG;AREA CIREBON;CP JATIBARANG;KONVEN;85;86,39;100;83,33;86,43
KANWIL MEDAN;AREA BANDA ACEH;CPS BIREUEN;SYARIAH;70;82,22;100;51,39;71,23
KANWIL MAKASAR;AREA MAKASAR 1;CP VETERAN;KONVEN;61;86,81;100;36,11;62,32
KANWIL MEDAN;AREA RANTAU PRAPAT;CP TARUTUNG;KONVEN;74;76,39;100;87,5;81,01
KANWIL BANDUNG;AREA BANDUNG 2;CPS PADASUKA;SYARIAH;96;100;100;91,67;95,06
KANWIL MAKASAR;AREA MAKASAR 2;CP TAKALAR;KONVEN;76;93,75;100;83,33;58,53
KANWIL MAKASAR;AREA PARE-PARE;CP RAPPANG;KONVEN;70;87,5;100;72,22;76,09
KANWIL MEDAN;AREA MEDAN 1;CP SIDIKALANG;KONVEN;71;84,17;100;63,89;66,51
KANWIL MAKASAR;AREA MAKASAR 2;CP BANGKALA;KONVEN;84;95;100;93,89;89,33
KANWIL MAKASAR;AREA BANTAENG;CP JENEPONTO;KONVEN;85;90,83;50;87,5;77,26
KANWIL JAKARTA 1;AREA BOGOR;CP CIBINONG;KONVEN;89;88,61;100;91,67;86,57
KANWIL MAKASAR;AREA MAKASAR 1;CP BARRU;KONVEN;68;77,5;100;66,19;68,71
KANWIL MAKASAR;AREA KENDARI;CP KENDARI;KONVEN;90;95,83;100;97,22;88,45
KANWIL JAKARTA 1;AREA BOGOR;CP WARUNG JAMBU;KONVEN;87;86,53;100;100;89,62
KANWIL JAKARTA 1;AREA BOGOR;CP GUNUNG BATU;KONVEN;93;100;100;100;87,46
KANWIL MAKASAR;AREA MAKASAR 1;CP PANGKEP;KONVEN;76;96,94;100;66,35;72,32
KANWIL BANDUNG;AREA BANDUNG 1;CP CIANJUR;KONVEN;93;93,47;100;100;91,15
KANWIL MAKASAR;AREA KENDARI;CP MANDONGA;KONVEN;81;91,67;100;91,67;65,16
KANWIL MAKASAR;AREA KENDARI;CP KOLAKA;KONVEN;79;98,61;100;79,17;81,21
KANWIL MAKASAR;AREA KENDARI;CP POMALAA;KONVEN;78;85,42;75;76,39;75,26
KANWIL MAKASAR;AREA KENDARI;CP UNAAHA;KONVEN;83;98,33;100;94,44;78,15
KANWIL MAKASAR;AREA PARE-PARE;CP POLEWALI;KONVEN;81;96,94;100;64,8;81,98
KANWIL JAKARTA 1;AREA BOGOR;CP CISALAK;KONVEN;67;92,36;100;55,56;68,35
KANWIL JAKARTA 1;AREA KRAMATJATI;CP KRAMAT JATI;KONVEN;88;90;100;87,5;94,64
KANWIL JAKARTA 1;AREA KRAMATJATI;CPS DEWI SARTIKA;SYARIAH;88;93,06;100;94,44;92,08
KANWIL JAKARTA 1;AREA BOGOR;CP PANCORAN MAS;KONVEN;82;90,97;100;80,56;80,54
KANWIL BANDUNG;AREA CIREBON;CPS PASARBARU;SYARIAH;91;100;100;90,28;97,5
KANWIL BANDUNG;AREA CIREBON;CP ARJAWINANGUN;KONVEN;53;88,89;100;20,83;36,35
KANWIL MAKASAR;AREA PARE-PARE;CP MAJENE;KONVEN;85;88,61;100;90,28;87,26
KANWIL MAKASAR;AREA AMBON;CP TUAL;KONVEN;62;84,86;75;40,28;54,6
KANWIL MEDAN;AREA BANDA ACEH;CPS LHOKSEUMAWE;SYARIAH;71;84,72;100;58,93;79,78
KANWIL JAKARTA 1;AREA SENEN;CP KEMAYORAN;KONVEN;92;95,83;100;94,44;88,1
KANWIL BANDUNG;AREA CIREBON;CP KARANGAMPEL;KONVEN;72;86,94;100;55,71;72,78
KANWIL MEDAN;AREA RANTAU PRAPAT;CP LABUHAN RUKU;KONVEN;73;87,5;100;88,29;73,35
KANWIL MAKASAR;AREA KENDARI;CP RAHA;KONVEN;74;89,72;100;61,11;79,7
KANWIL MEDAN;AREA RANTAU PRAPAT;CPS ALAMAN BOLAK;SYARIAH;88;100;100;87,74;87,7
KANWIL MAKASAR;AREA MAKASAR 2;CP SUNGGUMINASA;KONVEN;78;87,08;100;80,56;74,88
KANWIL JAKARTA 1;AREA JATIWARINGIN;CP PEKAYON;KONVEN;80;100;100;84,72;56,39
KANWIL MAKASAR;AREA KENDARI;CP BAUBAU;KONVEN;82;86,81;100;79,17;84,4
KANWIL MEDAN;AREA MEDAN 1;CP BINJAI;KONVEN;75;88,61;75;66,07;76,85
KANWIL BANDUNG;AREA CIREBON;CP ANJATAN;KONVEN;87;100;100;91,67;86,07
KANWIL JAKARTA 1;AREA KRAMATJATI;CP CIBUBUR;KONVEN;87;95,83;100;84,72;82,46
KANWIL JAKARTA 1;AREA BOGOR;CP BOGOR;KONVEN;85;94,17;100;90,28;85,54
KANWIL MEDAN;AREA MEDAN 1;CP TANJUNG PURA;KONVEN;70;94,17;100;45,99;67,52
KANWIL BANDUNG;AREA TASIKMALAYA;CP BANJAR;KONVEN;80;64,44;100;90,28;87,14
KANWIL MAKASAR;AREA PARE-PARE;CP CABENGE;KONVEN;80;89,72;100;84,72;73,35
KANWIL MAKASAR;AREA PALOPO;CP SENGKANG;KONVEN;79;84,17;100;72,22;81,27
KANWIL MAKASAR;AREA PALOPO;CP PASAR MINI;KONVEN;75;78,89;100;70,83;82,32
KANWIL MAKASAR;AREA PARE-PARE;CP MAMUJU;KONVEN;82;84,03;100;73,61;82,62
KANWIL JAKARTA 1;AREA SENEN;CP SUDIRMAN;KONVEN;76;84,72;100;65,28;78,21
KANWIL MAKASAR;AREA PALOPO;CP BELOPA;KONVEN;76;72,78;50;72,22;79,05
KANWIL MAKASAR;AREA BANTAENG;CP BULUKUMBA;KONVEN;98;91,67;100;100;97,98
KANWIL MAKASAR;AREA BANTAENG;CP BONTOBAHARI;KONVEN;97;97,5;100;95,83;96,59
KANWIL JAKARTA 1;AREA BOGOR;CP KELAPA DUA;KONVEN;72;91,67;100;73,02;63,27
KANWIL MAKASAR;AREA BANTAENG;CP BANTAENG;KONVEN;99;100;100;100;97,98
KANWIL MAKASAR;AREA PALOPO;CP PASAR SENTRAL PALOPO;KONVEN;82;68,89;50;82,62;85,54
KANWIL MAKASAR;AREA PALOPO;CP PALOPO;KONVEN;74;90;100;72,22;70,26
KANWIL JAKARTA 1;AREA BEKASI;CP RENGAS DENGKLOK;KONVEN;91;84,72;100;91,67;93,1
KANWIL BANDUNG;AREA CIREBON;CP CILAMAYA;KONVEN;88;90,83;100;95,83;94,29
KANWIL MAKASAR;AREA MAKASAR 2;CP PALLANGGA;KONVEN;74;79,58;100;80,56;76,85
KANWIL MAKASAR;AREA PARE-PARE;CP SIDRAP;KONVEN;84;98,61;100;84,52;73,08
KANWIL BANDUNG;AREA BANDUNG 2;CP CIKAMPEK;KONVEN;91;100;100;100;94,29
KANWIL JAKARTA 1;AREA BEKASI;CP KARAWANG;KONVEN;95;100;100;96,67;89,98
KANWIL JAKARTA 1;AREA BEKASI;CP TAMBUN;KONVEN;74;87,5;100;68,06;69,07
KANWIL MAKASAR;AREA PALOPO;CP RANTEPAO;KONVEN;81;98,33;100;91,11;76,63
KANWIL MAKASAR;AREA PALOPO;CP MASAMBA;KONVEN;74;88,33;100;72,22;67,02
KANWIL MAKASAR;AREA PALOPO;CP MALILI;KONVEN;70;71,67;100;76,31;57,3
KANWIL BANDUNG;AREA BANDUNG 2;CP PURWAKARTA;KONVEN;78;100;100;84,72;73,97
KANWIL MEDAN;AREA MEDAN 2;CP LUBUK PAKAM;KONVEN;72;68,06;100;50;79,07
KANWIL MEDAN;AREA MEDAN 2;CP GUNUNG SITOLI;KONVEN;81;92,5;100;84,72;76,85
KANWIL JAKARTA 1;AREA BOGOR;CP DEPOK;KONVEN;78;87,92;100;81,94;76,9
KANWIL JAKARTA 1;AREA KRAMATJATI;CP RAWAMANGUN;KONVEN;88;100;100;66,67;90,67
KANWIL JAKARTA 1;AREA KRAMATJATI;CP KAMPUNG AMBON;KONVEN;81;91,67;100;78,61;77,52
KANWIL JAKARTA 1;AREA KRAMATJATI;CP KEBON NANAS;KONVEN;73;92,36;75;66,67;74,72
KANWIL JAKARTA 1;AREA KRAMATJATI;CP JATINEGARA;KONVEN;87;84,44;100;80,56;88,49
KANWIL MAKASAR;AREA PARE-PARE;CP WONOMULYO;KONVEN;70;80,14;100;63,89;66,9
KANWIL MAKASAR;AREA AMBON;CP KAIRATU;KONVEN;76;80,56;75;72,22;81,31
KANWIL SEMARANG;AREA PURWOKERTO;CP BUMIAYU;KONVEN;65;61,67;100;75;59,46
KANWIL SEMARANG;AREA YOGYAKARTA;CP LEMPUYANGAN;KONVEN;91;95,83;100;87,9;93,57
KANWIL SEMARANG;AREA SURAKARTA;CP KLATEN;KONVEN;75;92,78;100;70,83;68,91
KANWIL SEMARANG;AREA SURAKARTA;CP GADING;KONVEN;86;95,83;100;92,46;82,3
KANWIL SEMARANG;AREA YOGYAKARTA;CP JOGOYUDAN;KONVEN;90;100;100;94,44;83,45
KANWIL SEMARANG;AREA SURAKARTA;CP BOYOLALI;KONVEN;81;90,69;100;86,11;68,75
KANWIL SEMARANG;AREA YOGYAKARTA;CP TUGUKULON;KONVEN;76;84,58;75;72,3;70,93
KANWIL SEMARANG;AREA SEMARANG;CP PEDURUNGAN;KONVEN;88;92,36;100;94,29;86,51
KANWIL SEMARANG;AREA SURAKARTA;CP PURWOTOMO;KONVEN;81;86,11;75;86,11;71,29
KANWIL SEMARANG;AREA PURWOKERTO;CP TEMANGGUNG;KONVEN;80;73,06;75;73,69;87,74
KANWIL SEMARANG;AREA PURWOKERTO;CP WONOSOBO;KONVEN;77;84,03;75;78,85;71,19
KANWIL SURABAYA;AREA MALANG;CP KOTALAMA;KONVEN;82;86,11;100;88,89;76,69
KANWIL SURABAYA;AREA PAMEKASAN;CPS SUMENEP;SYARIAH;79;86,53;100;65,91;81,21
KANWIL SURABAYA;AREA PAMEKASAN;CPS BLEGA;SYARIAH;77;86,11;100;80,24;79,68
KANWIL SURABAYA;AREA PAMEKASAN;CPS BANGKALAN;SYARIAH;78;93,61;100;94,44;85,16
KANWIL SURABAYA;AREA MALANG;CP SINGOSARI;KONVEN;83;96,53;100;86,11;80,46
KANWIL SURABAYA;AREA PROBOLINGGO;CP PASURUAN;KONVEN;77;93,06;100;72,3;74,29
KANWIL SURABAYA;AREA MADIUN;CP TULUNGAGUNG;KONVEN;82;98,33;100;72,22;88,71
KANWIL SURABAYA;AREA MADIUN;CP BOJONEGORO;KONVEN;86;91,67;100;97,62;84,35
KANWIL SURABAYA;AREA SURABAYA 1;CP GRESIK;KONVEN;89;88,75;100;94,44;83,85
KANWIL SURABAYA;AREA SURABAYA 1;CPS KEBOMAS;SYARIAH;78;73,61;75;80,56;79,88
KANWIL SURABAYA;AREA SURABAYA 1;CP SEDAYU;KONVEN;86;90,28;100;87,5;82,6
KANWIL SURABAYA;AREA PAMEKASAN;CPS PAMEKASAN;SYARIAH;68;85,28;100;57,42;73,29
KANWIL SURABAYA;AREA SURABAYA 1;CPS BLAURAN;SYARIAH;63;84,72;100;85,56;48,06
KANWIL SURABAYA;AREA MADIUN;CP KEDIRI;KONVEN;75;85,83;100;77,78;69,27
KANWIL SURABAYA;AREA SURABAYA 1;CP DINOYOTANGSI;KONVEN;86;90,69;100;87,14;85,58
KANWIL SURABAYA;AREA PROBOLINGGO;CP LUMAJANG;KONVEN;75;92,36;100;67,54;62,82
KANWIL SEMARANG;AREA YOGYAKARTA;CP BASEN;KONVEN;75;88,61;100;71,67;73,35
KANWIL SEMARANG;AREA SURAKARTA;CP KARTASURA;KONVEN;91;91,67;100;97,22;86,85
KANWIL SEMARANG;AREA SEMARANG;CP UNGARAN;KONVEN;84;89,44;75;89,72;83,41
KANWIL SURABAYA;AREA PAMEKASAN;CPS PAMOLOKAN;SYARIAH;65;68,89;100;57,02;67,88
KANWIL SURABAYA;AREA PROBOLINGGO;CP PANDAAN;KONVEN;71;93,33;75;70,83;48,85
KANWIL SEMARANG;AREA YOGYAKARTA;CPS KUSUMANEGARA;SYARIAH;85;84,58;75;86,79;84,84
KANWIL SEMARANG;AREA YOGYAKARTA;CP BANTUL;KONVEN;77;82,78;100;81,94;73
KANWIL SEMARANG;AREA YOGYAKARTA;CP NGUPASAN;KONVEN;76;81,11;75;74,8;67,04
KANWIL SURABAYA;AREA MALANG;CP MALANG;KONVEN;85;91,25;100;91,67;81,29
KANWIL SURABAYA;AREA SURABAYA 1;CP LAMONGAN;KONVEN;81;90,28;100;81,94;80,65
KANWIL SURABAYA;AREA MADIUN;CP BABAT;KONVEN;76;83,89;100;68,06;77,54
KANWIL SURABAYA;AREA MADIUN;CP TUBAN;KONVEN;77;82,72;100;77,78;81,51
KANWIL SURABAYA;AREA SURABAYA 1;CP BRATANG;KONVEN;67;92,36;100;55,56;60,97
KANWIL SURABAYA;AREA SURABAYA 1;CP MULYOSARI;KONVEN;70;92,36;100;62,5;65,1
KANWIL SURABAYA;AREA SURABAYA 2;CP MANUKAN;KONVEN;68;91,67;100;65,28;60,97
KANWIL SURABAYA;AREA SURABAYA 1;CP KALIANYAR;KONVEN;81;84,03;100;73,61;82,8
KANWIL SURABAYA;AREA SURABAYA 1;CP BENTENG;KONVEN;75;86,11;100;66,67;77,04
KANWIL SURABAYA;AREA PROBOLINGGO;CP BESUKI;KONVEN;76;90,28;100;66,15;72,82
KANWIL SURABAYA;AREA MALANG;CP RAMPAL;KONVEN;80;100;100;86,11;79,68
KANWIL SURABAYA;AREA MADIUN;CPS PASAR LEGI;SYARIAH;73;82,08;100;54,96;69,96
KANWIL SURABAYA;AREA JEMBER;CP ASEMBAGUS;KONVEN;88;91,25;100;79,44;89,29
KANWIL SURABAYA;AREA MADIUN;CP JOMBANG;KONVEN;67;86,11;100;44,76;61,83
KANWIL SURABAYA;AREA PROBOLINGGO;CP SITUBONDO;KONVEN;85;93,33;100;76,11;80,26
KANWIL SURABAYA;AREA JEMBER;CP BANYUWANGI;KONVEN;83;85,83;100;90,67;82,76
KANWIL SURABAYA;AREA JEMBER;CP ROGOJAMPI;KONVEN;85;88,19;100;86,11;84,09
KANWIL SURABAYA;AREA JEMBER;CP GENTENG;KONVEN;85;86,67;100;93,06;87,62
KANWIL SURABAYA;AREA SURABAYA 2;CP SEPANJANG;KONVEN;84;94,86;100;90,28;79,15
KANWIL SURABAYA;AREA JEMBER;CP BONDOWOSO;KONVEN;66;76,39;75;58,33;59,5
KANWIL SURABAYA;AREA SURABAYA 2;CP SIDOARJO;KONVEN;84;87,5;100;91,67;84,9
KANWIL SURABAYA;AREA SURABAYA 2;CP GEDANGAN;KONVEN;90;95,83;100;97,22;83,79
KANWIL SURABAYA;AREA MADIUN;CP PONOROGO;KONVEN;90;95,83;100;100;88,87
KANWIL SURABAYA;AREA SURABAYA 2;CPS SIDOARJO;SYARIAH;84;100;100;90,28;81,88
KANWIL SURABAYA;AREA PAMEKASAN;CPS JOKOTOLE;SYARIAH;62;73,33;100;52,78;50,5
KANWIL SURABAYA;AREA PAMEKASAN;CPS SAMPANG;SYARIAH;68;86,81;75;62,02;59,46
KANWIL SURABAYA;AREA PAMEKASAN;CPS SAMPANG KOTA;SYARIAH;63;87,22;100;55,56;64,96
KANWIL SURABAYA;AREA MALANG;CP BLITAR;KONVEN;92;95;100;97,22;92,62
KANWIL SEMARANG;AREA SURAKARTA;CP SUKOHARJO;KONVEN;85;82,78;100;81,94;82,24
KANWIL SEMARANG;AREA SURAKARTA;CP COKRONEGARAN;KONVEN;83;75,69;100;84,72;83,31
KANWIL SEMARANG;AREA PATI;CP KUDUS;KONVEN;79;48,61;50;77,86;87,54
KANWIL SEMARANG;AREA YOGYAKARTA;CP KENTUNGAN;KONVEN;70;86,11;100;58,25;60,44
KANWIL SEMARANG;AREA YOGYAKARTA;CP PURWOREJO;KONVEN;93;100;100;90,28;91,49
KANWIL SEMARANG;AREA PATI;CP PATI;KONVEN;92;88,61;100;93,06;94,56
KANWIL SEMARANG;AREA PATI;CP PURWODADI;KONVEN;86;88,61;100;68,06;92,54
KANWIL SEMARANG;AREA PATI;CP BLORA;KONVEN;97;95,83;100;100;96,31
KANWIL SEMARANG;AREA PURWOKERTO;CP PURBALINGGA;KONVEN;80;91,94;100;70,83;76,37
KANWIL SEMARANG;AREA PATI;CP JEPARA;KONVEN;70;51,67;100;93,06;54,48
KANWIL SEMARANG;AREA YOGYAKARTA;CP MAGELANG;KONVEN;85;100;100;84,56;91,23
KANWIL SEMARANG;AREA PATI;CP GUBUG;KONVEN;92;96,94;100;90,28;91,01
KANWIL SEMARANG;AREA YOGYAKARTA;CP SLEMAN;KONVEN;83;87,22;100;80,56;82,12
KANWIL SEMARANG;AREA PATI;CP REMBANG;KONVEN;79;75,83;100;83,33;77,2
KANWIL SURABAYA;AREA PROBOLINGGO;CP KRAKSAAN;KONVEN;76;92,36;100;65,28;76,37
KANWIL SURABAYA;AREA SURABAYA 2;CP MOJOKERTO;KONVEN;77;88,06;100;80,56;77,96
KANWIL SURABAYA;AREA SURABAYA 2;CP MOJOSARI;KONVEN;78;83,42;100;70,83;79,62
KANWIL SURABAYA;AREA JEMBER;CP TEGALBOTO;KONVEN;85;91,67;100;72,22;90,4
KANWIL SURABAYA;AREA SURABAYA 1;CPS BABAKAN;SYARIAH;76;87,78;100;75;73,55
KANWIL SURABAYA;AREA JEMBER;CPS A YANI;SYARIAH;92;93,33;100;93,06;90,12
KANWIL SURABAYA;AREA PROBOLINGGO;CP PROBOLINGGO;KONVEN;80;96,25;100;67,74;81,51
KANWIL DENPASAR;AREA AMPENAN;CP KRUAK;KONVEN;86;93,06;100;87,74;84,96
KANWIL DENPASAR;AREA DENPASAR;CP GIANYAR;KONVEN;75;95,83;100;65,28;88,93
KANWIL DENPASAR;AREA KUPANG;CP OEPURA;KONVEN;81;83,33;100;77,78;74,96
KANWIL MAKASAR;AREA MAKASAR 1;CP TAMALANREA;KONVEN;82;95,83;100;86,11;81,21
KANWIL MAKASAR;AREA MAKASAR 2;CP MARISO;KONVEN;83;94,44;100;74,4;87,7
KANWIL MAKASAR;AREA AMBON;CP AMBON;KONVEN;73;98,61;100;37,5;78,15
KANWIL MAKASAR;AREA MAKASAR 1;CP BONTOALA;KONVEN;64;86,11;100;69,68;69,4
KANWIL MAKASAR;AREA MAKASAR 2;CP PARANGTAMBUNG;KONVEN;91;97,92;100;93,89;92,9
KANWIL MAKASAR;AREA KENDARI;CPS KENDARI;SYARIAH;79;88,33;100;89,29;67,44
KANWIL DENPASAR;AREA DENPASAR;CP UBUD;KONVEN;79;96,94;100;58,33;85,24
KANWIL DENPASAR;AREA DENPASAR;CP UBUNG;KONVEN;86;78,06;100;97,22;78,27
KANWIL DENPASAR;AREA DENPASAR;CP TOHPATI;KONVEN;87;95,83;100;86,11;85,99
KANWIL DENPASAR;AREA AMPENAN;CP GERUNG;KONVEN;57;67,92;100;58,89;50,42
KANWIL DENPASAR;AREA DENPASAR;CP DENPASAR;KONVEN;88;95,83;100;97,22;81,83
KANWIL DENPASAR;AREA DOMPU;CP SUMBAWA BESAR;KONVEN;57;68,89;100;52,54;42,06
KANWIL DENPASAR;AREA AMPENAN;CPS PSR RENTENG;SYARIAH;74;80,56;100;63,02;71,88
KANWIL DENPASAR;AREA AMPENAN;CP KOPANG;KONVEN;78;76,53;100;97,22;56,37
KANWIL DENPASAR;AREA AMPENAN;CP AMPENAN;KONVEN;78;76,11;75;69,44;83,51
KANWIL DENPASAR;AREA DENPASAR;CP KEROBOKAN;KONVEN;73;83,33;100;79,64;57,14
KANWIL DENPASAR;AREA KUPANG;CP KUPANG;KONVEN;84;84,17;100;93,06;78,17
KANWIL DENPASAR;AREA DENPASAR;CP TABANAN;KONVEN;68;66,39;75;61,43;64,33
KANWIL DENPASAR;AREA DENPASAR;CP SESETAN I;KONVEN;76;92,08;100;68,57;72,54
KANWIL DENPASAR;AREA AMPENAN;CP PRAYA;KONVEN;75;86,25;100;61,43;85,95
KANWIL DENPASAR;AREA AMPENAN;CPS CAKRANEGARA;SYARIAH;83;77,78;100;91,51;78,17
KANWIL DENPASAR;AREA KUPANG;CP OESAPA;KONVEN;82;73,89;100;81,94;85,38
KANWIL DENPASAR;AREA DENPASAR;CP BANGLI;KONVEN;66;83,19;75;65,2;47,72
KANWIL DENPASAR;AREA DOMPU;CP ALAS;KONVEN;72;68,75;50;80,63;66,77
KANWIL DENPASAR;AREA DOMPU;CP TALIWANG;KONVEN;68;76,25;75;52,54;70,71
KANWIL DENPASAR;AREA AMPENAN;CP MASBAGIK;KONVEN;65;78,64;100;88,89;31,51
KANWIL DENPASAR;AREA AMPENAN;CP SELONG;KONVEN;72;84,58;100;66,67;70,99
KANWIL DENPASAR;AREA AMPENAN;CP SAKRA;KONVEN;60;67,36;100;55,56;38,75
KANWIL DENPASAR;AREA KUPANG;CPS KUPANG;SYARIAH;91;81,25;100;93,06;91,09
KANWIL DENPASAR;AREA ENDE;CP PRAILIU;KONVEN;91;93,06;100;91,67;93,04
KANWIL DENPASAR;AREA ENDE;CP WAINGAPU;KONVEN;92;91,11;100;88,89;91,92
KANWIL DENPASAR;AREA DOMPU;CP EMPANG;KONVEN;65;62,08;50;48,93;70,79
KANWIL DENPASAR;AREA AMPENAN;CP SWETA;KONVEN;80;83,47;100;70,75;84,35
KANWIL DENPASAR;AREA AMPENAN;CP AIKMEL;KONVEN;77;90,69;100;78,85;74,25
KANWIL DENPASAR;AREA ENDE;CP MAUMERE;KONVEN;71;70,56;100;70,83;63,29
KANWIL DENPASAR;AREA AMPENAN;CP TANJUNG LOR;KONVEN;62;83,33;100;53,1;53,12
KANWIL DENPASAR;AREA DOMPU;CPS PASAR GINTE;SYARIAH;79;92,78;100;65,56;76,19
KANWIL DENPASAR;AREA DOMPU;CP BOLOSILA;KONVEN;76;70,14;75;73,06;78,59
KANWIL DENPASAR;AREA KUPANG;CP SOE;KONVEN;60;74,03;100;53,57;50,77
KANWIL DENPASAR;AREA KUPANG;CP KEFAMENANU;KONVEN;81;87,5;100;69,44;79,4
KANWIL DENPASAR;AREA DENPASAR;CPS KARTINI;SYARIAH;75;93,75;100;65,28;73,79
KANWIL DENPASAR;AREA DOMPU;CP BIMA;KONVEN;80;84,44;100;72,22;83,21
KANWIL DENPASAR;AREA DOMPU;CP RASANAE;KONVEN;81;88,61;100;76,39;78,35
KANWIL MAKASAR;AREA PARE-PARE;CP WATANSOPPENG;KONVEN;84;87,22;100;72,22;90,95
KANWIL MAKASAR;AREA PARE-PARE;CP DUA PITUE;KONVEN;81;96,25;100;69,44;80,54
KANWIL MAKASAR;AREA BANTAENG;CP SELAYAR;KONVEN;78;81,67;100;72,3;83,37
KANWIL MAKASAR;AREA AMBON;CP PASSO;KONVEN;76;65,14;50;88,89;79,35
KANWIL MAKASAR;AREA PALOPO;CPS L U W U;SYARIAH;78;83,06;100;83,57;76,83
KANWIL MAKASAR;AREA MAKASAR 1;CPS PANGKEP;SYARIAH;73;78,75;100;61,9;82,68
KANWIL MAKASAR;AREA BANTAENG;CPS UJUNG BULU;SYARIAH;95;95,83;100;94,44;93,25
KANWIL MAKASAR;AREA MAKASAR 2;CPS HASANUDDIN;SYARIAH;89;97,5;100;85,95;94,21
KANWIL MAKASAR;AREA MAKASAR 1;CPS CENTRAL;SYARIAH;77;89,03;100;100;55,58
KANWIL SEMARANG;AREA SEMARANG;CP PONCOL;KONVEN;76;100;100;79,17;79,07
KANWIL SEMARANG;AREA SEMARANG;CP NGALIYAN;KONVEN;77;75,69;100;77,78;81,29
KANWIL SEMARANG;AREA TEGAL;CP BATANG;KONVEN;92;95,83;100;97,22;91,23
KANWIL SEMARANG;AREA TEGAL;CP KEJAMBON;KONVEN;84;90,28;100;76,39;87,06
KANWIL SEMARANG;AREA SEMARANG;CP KENDAL;KONVEN;82;80,28;75;84,72;88,57
KANWIL SEMARANG;AREA SEMARANG;CP SALATIGA SELATAN;KONVEN;86;94,86;100;85,12;90,75
KANWIL SEMARANG;AREA PURWOKERTO;CP CILACAP;KONVEN;56;85,28;100;47,78;45,58
KANWIL SEMARANG;AREA SURAKARTA;CP SRAGEN;KONVEN;74;88,89;100;69,44;60,73
KANWIL SEMARANG;AREA SURAKARTA;CP KARANGANYAR;KONVEN;66;87,5;100;33,33;71,71
KANWIL SEMARANG;AREA PURWOKERTO;CPS PASAR WAGE;SYARIAH;72;84,17;75;75;64,07
KANWIL SEMARANG;AREA SURAKARTA;CP JATISRONO;KONVEN;70;77,5;75;72,22;58,51
KANWIL SEMARANG;AREA TEGAL;CP TEGAL;KONVEN;60;75,69;75;30,71;55,79
KANWIL SEMARANG;AREA SEMARANG;CP KALIBANTENG;KONVEN;79;84,17;100;84,72;80,16
KANWIL SEMARANG;AREA YOGYAKARTA;CP SENTUL;KONVEN;75;83,61;100;75;70,85
KANWIL SEMARANG;AREA TEGAL;CP PEKALONGAN;KONVEN;85;95,83;100;86,94;88,43
KANWIL SEMARANG;AREA SURAKARTA;CP WONOGIRI;KONVEN;82;91,67;100;76,39;80,1
KANWIL SEMARANG;AREA PURWOKERTO;CP KEBUMEN;KONVEN;94;95,83;100;95,83;91,49
KANWIL SEMARANG;AREA PURWOKERTO;CP PURWOKERTO;KONVEN;80;94,44;100;72,22;70,54
KANWIL SEMARANG;AREA TEGAL;CP BREBES;KONVEN;78;85,42;100;76,39;70,36
KANWIL SEMARANG;AREA PATI;CPS PASAR NGABUL;SYARIAH;80;80,14;100;80,56;72,96
KANWIL SEMARANG;AREA SEMARANG;CPS MAJAPAHIT;SYARIAH;90;92,78;100;87,9;86,55
KANWIL SEMARANG;AREA SEMARANG;CPS KALIGARANG;SYARIAH;91;100;100;87,34;87,46
KANWIL SURABAYA;AREA MALANG;CP TLOGOMAS;KONVEN;84;95;100;87,5;80,93
KANWIL SURABAYA;AREA PAMEKASAN;CPS KETAPANG;SYARIAH;62;69,03;50;59,92;59,96
KANWIL SURABAYA;AREA PROBOLINGGO;CPS PROBOLINGGO;SYARIAH;75;97,5;100;51,39;81,83
KANWIL MAKASAR;AREA MAKASAR 2;CP PANAKKUKANG;KONVEN;66;74,86;50;68,06;60,63
KANWIL SEMARANG;AREA TEGAL;CP SLAWI;KONVEN;82;78,06;50;77,46;81,57
KANWIL SEMARANG;AREA TEGAL;CP PEMALANG;KONVEN;88;96,53;100;80,56;91,23
KANWIL SEMARANG;AREA SURAKARTA;CPS SOLO BARU;SYARIAH;76;87,78;50;78,61;68,27
KANWIL SURABAYA;AREA PAMEKASAN;CPS PASEAN;SYARIAH;69;77,36;100;72,22;69,54
KANWIL SURABAYA;AREA PAMEKASAN;CPS PRENDUAN;SYARIAH;66;74,72;75;61,71;67,4
KANWIL DENPASAR;AREA DENPASAR;CP KRENENG;KONVEN;83;92,5;100;69,44;82,1
KANWIL DENPASAR;AREA DENPASAR;CP NEGARA;KONVEN;73;84,86;100;64,17;75,71
KANWIL DENPASAR;AREA DENPASAR;CP SEMARAPURA;KONVEN;78;95,83;100;72,62;71,55
KANWIL DENPASAR;AREA DENPASAR;CP AMLAPURA;KONVEN;72;90,97;100;71,31;57,14
KANWIL DENPASAR;AREA DENPASAR;CP MENGWI;KONVEN;76;81,94;75;72,22;83,15
KANWIL DENPASAR;AREA DOMPU;CP SAPE;KONVEN;71;74,72;100;74,68;75,58
KANWIL DENPASAR;AREA KUPANG;CP ATAMBUA;KONVEN;83;85,42;100;95,83;80,85
KANWIL DENPASAR;AREA DENPASAR;CP SINGARAJA;KONVEN;72;95,83;100;65,75;60,22
KANWIL DENPASAR;AREA DOMPU;CP TENTE;KONVEN;72;76,53;75;63,97;78,99
KANWIL DENPASAR;AREA DENPASAR;CP KUTA;KONVEN;82;95,83;100;75;75,32
KANWIL DENPASAR;AREA DOMPU;CP DOMPU;KONVEN;82;96,94;100;70,83;80,95
KANWIL DENPASAR;AREA AMPENAN;CP MATARAM;KONVEN;75;72,08;50;81,94;67,08
KANWIL DENPASAR;AREA ENDE;CP ENDE;KONVEN;76;75,69;75;81,94;71,55
KANWIL DENPASAR;AREA ENDE;CP WOLOWONA;KONVEN;85;56,67;100;87,5;89,48
KANWIL DENPASAR;AREA ENDE;CPS ENDE;SYARIAH;87;92,78;100;84,72;85,32
KANWIL MAKASAR;AREA PARE-PARE;CPS PANGKAJENE;SYARIAH;87;90;75;90,48;79,25
KANWIL SEMARANG;AREA TEGAL;CPS PONOLAWEN;SYARIAH;93;91,67;100;97,22;90,87
KANWIL DENPASAR;AREA DENPASAR;CP HARDYS;KONVEN;81;86,81;100;75;75,54
KANWIL DENPASAR;AREA ENDE;CP LABUAN BAJO;KONVEN;67;54,86;50;66,19;75,52
KANWIL DENPASAR;AREA DENPASAR;CP RENON;KONVEN;93;96,94;100;95,83;91,79
KANWIL DENPASAR;AREA ENDE;CP WAIKABUBAK;KONVEN;79;86,81;100;56,94;82,82
KANWIL DENPASAR;AREA DENPASAR;CP JIMBARAN;KONVEN;75;100;100;75;66,09
KANWIL DENPASAR;AREA ENDE;CP WAITABULA;KONVEN;84;84,17;100;76,39;84,17
KANWIL DENPASAR;AREA ENDE;CP LARANTUKA;KONVEN;72;70,83;50;69,37;71,29
KANWIL MAKASAR;AREA BANTAENG;CP WATAMPONE;KONVEN;74;79,72;75;70,56;70,02
KANWIL SURABAYA;AREA MALANG;CP BLIMBING;KONVEN;79;81,67;100;83,57;81,51
KANWIL SURABAYA;AREA MADIUN;CP MADIUN;KONVEN;96;98,61;100;100;93,39
KANWIL SURABAYA;AREA SURABAYA 1;CP WONOKROMO;KONVEN;68;90,97;100;62,5;63,83
KANWIL SURABAYA;AREA MALANG;CP KEPANJEN;KONVEN;80;90,28;100;88,89;81,98
KANWIL SURABAYA;AREA JEMBER;CP JEMBER;KONVEN;88;100;100;93,06;89,21
KANWIL SURABAYA;AREA MADIUN;CP MAGETAN;KONVEN;93;93,75;100;100;90,67
KANWIL SURABAYA;AREA MALANG;CP TUREN;KONVEN;75;90,28;100;75;67,54
KANWIL SURABAYA;AREA MALANG;CPS LANDUNGSARI;SYARIAH;84;100;100;86,11;75,65
KANWIL DENPASAR;AREA ENDE;CP RUTENG;KONVEN;82;87,92;100;72,14;82,86
KANWIL SURABAYA;AREA MADIUN;CP NGAWI;KONVEN;95;100;100;100;94,01
KANWIL SURABAYA;AREA SURABAYA 2;CP WIYUNG;KONVEN;86;88,06;100;97,22;78,35
KANWIL SEMARANG;AREA SEMARANG;CP BANYUMANIK;KONVEN;79;79,58;100;86,11;81,63
KANWIL SURABAYA;AREA MADIUN;CP NGANJUK;KONVEN;77;81,25;100;68,06;80,12
KANWIL DENPASAR;AREA DENPASAR;CP GATOT SUBROTO;SYARIAH;86;96,67;100;86,11;82,46
KANWIL SURABAYA;AREA SURABAYA 2;CP JEMURSARI;KONVEN;83;95,83;100;75;76,75
KANWIL BALIKPAPAN;AREA PONTIANAK;CP SIANTAN;KONVEN;78;87,78;100;75;79,96
KANWIL BALIKPAPAN;AREA BANJARMASIN;CP BARABAI;KONVEN;62;77,78;75;47,98;71,43
KANWIL BALIKPAPAN;AREA BANJARMASIN;CP TABALONG;KONVEN;72;90,97;100;74,92;70,32
KANWIL BALIKPAPAN;AREA BANJARMASIN;CP BATU LICIN;KONVEN;77;93,75;100;80,56;73,79
KANWIL BALIKPAPAN;AREA SAMARINDA;CP SUNGAI PINANG;KONVEN;84;93,33;100;85;79,76
KANWIL BALIKPAPAN;AREA PONTIANAK;CP JERUJU;KONVEN;72;81,94;100;54,76;70,06
KANWIL BALIKPAPAN;AREA SAMARINDA;CPS PASAR MERDEKA;SYARIAH;86;98,33;100;95,24;70,24
KANWIL BALIKPAPAN;AREA PONTIANAK;CP KEMUNING;KONVEN;96;100;100;97,62;93,73
KANWIL BALIKPAPAN;AREA PONTIANAK;CP PONTIANAK;KONVEN;94;91,67;100;100;93,39
KANWIL BALIKPAPAN;AREA PONTIANAK;CP SUNGAI RAYA;KONVEN;77;81,25;100;72,22;63,27
KANWIL BALIKPAPAN;AREA PONTIANAK;CP SUNGAI JAWI;KONVEN;80;79,17;50;80,24;90,12
KANWIL BALIKPAPAN;AREA SAMARINDA;CP SAMARINDA;KONVEN;89;95,83;100;91,67;80,38
KANWIL BALIKPAPAN;AREA SAMARINDA;CP TENGGARONG;KONVEN;82;96,94;100;77,18;83,35
KANWIL BALIKPAPAN;AREA BANJARMASIN;CPS KEBUN BUNGA;SYARIAH;78;68,61;100;68,33;82,54
KANWIL BALIKPAPAN;AREA BANJARMASIN;CP BANJARBARU;KONVEN;79;96,67;100;77,86;71,27
KANWIL BALIKPAPAN;AREA PONTIANAK;CP SINTANG;KONVEN;78;46,53;50;81,94;80,26
KANWIL BALIKPAPAN;AREA PONTIANAK;CP SANGGAU;KONVEN;74;86,67;100;69,44;63,21
KANWIL BALIKPAPAN;AREA SAMARINDA;CP AIR PUTIH;KONVEN;88;90;100;86,11;86,98
KANWIL BALIKPAPAN;AREA BANJARMASIN;CP KAYU TANGI;KONVEN;74;57,22;100;69,09;77,68
KANWIL BALIKPAPAN;AREA TARAKAN;CP BONTANG;KONVEN;83;83,33;75;90,28;75,18
KANWIL BALIKPAPAN;AREA TARAKAN;CPS BONTANG;SYARIAH;77;79,86;75;81,19;79,7
KANWIL BALIKPAPAN;AREA TARAKAN;CP SANGGATTA;KONVEN;78;86,81;100;79,64;79,13
KANWIL BALIKPAPAN;AREA PONTIANAK;CP KETAPANG;KONVEN;76;86,25;100;73,61;82,76
KANWIL BALIKPAPAN;AREA PONTIANAK;CP SINGKAWANG;KONVEN;59;77,5;100;68,73;49,88
KANWIL BALIKPAPAN;AREA BALIKPAPAN;CP KAMPUNG BARU;KONVEN;84;89,17;75;88,33;75,71
KANWIL BALIKPAPAN;AREA BALIKPAPAN;CP MANGGAR;KONVEN;76;87,22;100;84,72;64,05
KANWIL BALIKPAPAN;AREA BALIKPAPAN;CP DAMAI;KONVEN;85;80,56;100;90,12;81,07
KANWIL BALIKPAPAN;AREA SAMARINDA;CP SEMPAJA;KONVEN;89;95,83;100;94,44;82,2
KANWIL BALIKPAPAN;AREA BALIKPAPAN;CP BALIKPAPAN BARU;KONVEN;80;94,17;100;90,28;71,19
KANWIL BALIKPAPAN;AREA BALIKPAPAN;CP GUNUNG KAWI;KONVEN;74;95,83;100;81,94;68
KANWIL BALIKPAPAN;AREA BALIKPAPAN;CP RAPAK;KONVEN;75;91,94;100;80,56;63,06
KANWIL BALIKPAPAN;AREA BALIKPAPAN;CP BATU AMPAR;KONVEN;75;82,92;100;77,78;61,09
KANWIL BALIKPAPAN;AREA BALIKPAPAN;CPS GUNUNG SARI;SYARIAH;81;86,94;75;80,56;76,98
KANWIL BALIKPAPAN;AREA PONTIANAK;CP MEMPAWAH;KONVEN;80;81,81;75;81,23;80,71
KANWIL BALIKPAPAN;AREA SAMARINDA;CP LOA JANAN;KONVEN;81;72,22;75;81,94;79,35
KANWIL BALIKPAPAN;AREA TARAKAN;CP TANJUNG SELOR;KONVEN;85;84,03;100;91,67;84,82
KANWIL BALIKPAPAN;AREA BALIKPAPAN;CP BALIKPAPAN;KONVEN;80;100;100;79,17;69,82
KANWIL BALIKPAPAN;AREA BALIKPAPAN;CP PENAJAM;KONVEN;71;87,5;100;69,44;66,27
KANWIL BALIKPAPAN;AREA TARAKAN;CP MALINAU;KONVEN;86;88,33;100;94,44;81,23
KANWIL BALIKPAPAN;AREA TARAKAN;CP NUNUKAN;KONVEN;88;93,75;100;79,17;89,48
KANWIL BALIKPAPAN;AREA PONTIANAK;CPS AHMAD YANI;SYARIAH;86;79,58;100;97,62;74,52
KANWIL BALIKPAPAN;AREA BANJARMASIN;CP SAMPIT;KONVEN;75;69,25;100;65,28;91,71
KANWIL BALIKPAPAN;AREA BANJARMASIN;CP TELUK DALAM;KONVEN;67;79,44;100;63,41;69,82
KANWIL BALIKPAPAN;AREA BANJARMASIN;CP BANJARMASIN;KONVEN;70;92,36;100;40,44;68,35
KANWIL BALIKPAPAN;AREA BALIKPAPAN;CP TANAH GROGOT;KONVEN;72;85;100;63,89;66,55
KANWIL BALIKPAPAN;AREA SAMARINDA;CP SAMARINDA SEBERANG;KONVEN;86;92,36;100;84,72;83,87
KANWIL BALIKPAPAN;AREA TARAKAN;CP TANJUNG REDEB;KONVEN;82;83,06;100;72,22;83,45
KANWIL BALIKPAPAN;AREA SAMARINDA;CP MELAK;KONVEN;62;78,33;100;59,09;57,02
KANWIL SEMARANG;AREA SEMARANG;CP DEPOK;KONVEN;87;85;100;91,9;80,08
KANWIL SEMARANG;AREA PATI;CP DEMAK;KONVEN;97;92,78;100;100;96,31
KANWIL MANADO;AREA GORONTALO;CP KOTAMOBAGU;KONVEN;83;88,61;100;82,78;77,46
KANWIL MANADO;AREA MANADO 1;CP KARUMBASAN;KONVEN;94;100;100;84,72;91,79
KANWIL MANADO;AREA MANADO 1;CP TOMOHON;KONVEN;93;95,83;100;90,28;91,87
KANWIL MANADO;AREA MANADO 1;CP MANADO TIMUR;KONVEN;84;90,83;50;86,11;76,9
KANWIL MANADO;AREA MANADO 1;CP MALALAYANG;KONVEN;88;89,72;100;91,67;87,34
KANWIL MANADO;AREA PALU;CP TALISE;KONVEN;87;92,78;100;88,89;89,96
KANWIL MANADO;AREA PALU;CPS PALU PLASA;SYARIAH;89;96,94;100;91,67;91,92
KANWIL MANADO;AREA MANADO 1;CP BITUNG;KONVEN;95;91,67;100;95,83;93,37
KANWIL MANADO;AREA MANADO 1;CP GIRIAN;KONVEN;87;94,17;100;88,69;83,41
KANWIL MANADO;AREA SORONG;CPS KLADEMAK;SYARIAH;96;96,94;100;100;91,23
KANWIL MANADO;AREA PALU;CP PALU BARAT;KONVEN;84;94,44;100;85,36;82,68
KANWIL MANADO;AREA PALU;CP PALU SELATAN;KONVEN;80;78,89;100;79,17;87,2
KANWIL MANADO;AREA PALU;CP PALU TIMUR;KONVEN;85;85,83;100;75,83;90
KANWIL MANADO;AREA MANADO 1;CP MEGA MAS;KONVEN;88;86,67;50;91,67;86,07
KANWIL MANADO;AREA MANADO 1;CP TERNATE;KONVEN;87;87,22;100;91,07;82,6
KANWIL MANADO;AREA GORONTALO;CPS DATOE BINANGKANG;SYARIAH;78;88,61;100;66,67;79,6
KANWIL MANADO;AREA GORONTALO;CP MOLINOW;KONVEN;71;77,36;100;72,22;75,44
KANWIL MANADO;AREA SORONG;CP BOSWESEN;KONVEN;88;85,56;100;94,44;89,13
KANWIL MANADO;AREA GORONTALO;CP GORONTALO UTARA;KONVEN;88;94,44;75;82,02;88,81
KANWIL MANADO;AREA SORONG;CP SORONG;KONVEN;87;88,61;100;94,44;87,1
KANWIL MANADO;AREA GORONTALO;CP GORONTALO SENTRAL;KONVEN;92;95,83;100;80,95;97,78
KANWIL MANADO;AREA MANADO 1;CP BASTIONG;KONVEN;87;88,61;100;93,06;79,48
KANWIL MANADO;AREA GORONTALO;CP GORONTALO SELATAN;KONVEN;90;98,33;100;93,06;92,74
KANWIL MANADO;AREA MANADO 1;CP AMURANG;KONVEN;93;95,83;100;90,67;92,34
KANWIL MANADO;AREA PALU;CP PARIGI;KONVEN;80;92,5;100;87,5;68,85
KANWIL MANADO;AREA JAYAPURA;CP SENTANI;KONVEN;83;98,33;100;75;75,79
KANWIL MANADO;AREA JAYAPURA;CP BHAYANGKARA;KONVEN;85;93,75;100;87,5;85,46
KANWIL MANADO;AREA SORONG;CP FAK FAK;KONVEN;87;91,39;100;92,86;85,56
KANWIL MANADO;AREA JAYAPURA;CP ABEPURA;KONVEN;84;94,17;100;93,06;76,57
KANWIL MANADO;AREA JAYAPURA;CP BIAK;KONVEN;87;93,33;100;91,9;87,66
KANWIL MANADO;AREA PALU;CP POSO;KONVEN;75;90;100;87,78;70,65
KANWIL MANADO;AREA SORONG;CP TIMIKA;KONVEN;85;86,67;100;94,44;85,24
KANWIL MANADO;AREA SORONG;CP MANOKWARI;KONVEN;86;92,78;100;92,86;85,63
KANWIL MANADO;AREA MANADO 1;CP AIRMADIDI;KONVEN;81;75;100;90,28;73,41
KANWIL MANADO;AREA JAYAPURA;CP MERAUKE;KONVEN;80;92,22;100;91,67;84,6
KANWIL MANADO;AREA MANADO 1;CP TUMINTING;KONVEN;71;92,5;75;69,52;69,25
KANWIL MANADO;AREA JAYAPURA;CP JAYAPURA;KONVEN;71;84,72;75;75,08;70,04
KANWIL MANADO;AREA SORONG;CP NABIRE;KONVEN;86;89,72;100;92,86;85,5
KANWIL MANADO;AREA GORONTALO;CP LIMBOTO;KONVEN;94;91,94;75;97,22;94,29
KANWIL MANADO;AREA MANADO 1;CP LANGOWAN;KONVEN;81;97,92;100;75;78
KANWIL MANADO;AREA MANADO 1;CPS TERNATE PELABUHAN;SYARIAH;85;87,64;100;87,5;82,8
KANWIL MANADO;AREA GORONTALO;CPS GORONTALO;SYARIAH;91;95,83;100;77,78;94,76
KANWIL MANADO;AREA JAYAPURA;CPS AMPERA JAYAPURA;SYARIAH;81;95,83;100;81,75;71,9
KANWIL MANADO;AREA MANADO 1;CP TAHUNA;KONVEN;99;100;100;97,62;98,33
KANWIL MANADO;AREA GORONTALO;CP LUWUK;KONVEN;93;98,61;100;97,22;91,59
KANWIL MANADO;AREA MANADO 1;CP MANADO UTARA;KONVEN;87;83,61;50;87,5;88,1
KANWIL MANADO;AREA MANADO 1;CPS ISTIQLAL;SYARIAH;88;98,61;100;74,09;92,7
KANWIL JAKARTA 2;AREA KEBAYORAN BARU;CP RADIO DALAM;KONVEN;81;88,19;100;87,9;78,85
KANWIL JAKARTA 2;AREA TANGERANG;CPS PASAR BABAKAN;SYARIAH;83;64,03;100;92,5;88,57
KANWIL JAKARTA 2;AREA CIRENDEU;CP PONDOK PINANG;KONVEN;75;93,89;100;71,63;68,55
KANWIL JAKARTA 2;AREA TANGERANG;CP TANGERANG;KONVEN;70;81,11;100;73,45;60,08
KANWIL JAKARTA 2;AREA TANGERANG;CP PANDEGLANG;KONVEN;71;79,86;100;68,06;65,71
KANWIL JAKARTA 2;AREA TANGERANG;CP CILEGON;KONVEN;68;61,44;75;85,52;55
KANWIL JAKARTA 2;AREA KALIDERES;CP KARANG TENGAH;KONVEN;68;69,58;100;58,33;75,1
KANWIL JAKARTA 2;AREA KEBAYORAN BARU;CP CILANDAK;KONVEN;75;92,36;100;79,17;80,12
KANWIL JAKARTA 2;AREA CIRENDEU;CPS CINERE;SYARIAH;74;90,28;100;83,33;76,55
KANWIL JAKARTA 2;AREA KALIDERES;CP KREO;KONVEN;80;96,94;100;83,33;81,63
KANWIL JAKARTA 2;AREA CIRENDEU;CPS PONDOK AREN;SYARIAH;81;90,5;100;70,83;88,29
KANWIL JAKARTA 2;AREA CIRENDEU;CP BINTARO SEKTOR 3;KONVEN;79;96,94;100;79,17;86,49
KANWIL JAKARTA 2;AREA TANGERANG;CP CIKUPA;KONVEN;55;46,67;100;67,18;48,97
KANWIL JAKARTA 2;AREA TANJUNG PRIUK;CP KELAPA GADING;KONVEN;77;82,08;100;87,5;57,46
KANWIL JAKARTA 2;AREA TANJUNG PRIUK;CP BOULEVARD;KONVEN;87;93,47;100;88,89;82,96
KANWIL JAKARTA 2;AREA TANGERANG;CP SERPONG;KONVEN;78;96,94;100;65,28;67,74
KANWIL JAKARTA 2;AREA TANJUNG PRIUK;CPS KELAPA GADING;SYARIAH;87;90,28;100;91,67;83,41
KANWIL JAKARTA 2;AREA TANJUNG PRIUK;CP TANJUNG PRIOK;KONVEN;82;78,47;50;91,67;78,51
KANWIL JAKARTA 2;AREA CIRENDEU;CP CIRENDEU;KONVEN;77;77,5;100;87,5;84,54
KANWIL JAKARTA 2;AREA CIRENDEU;CP CIPUTAT;KONVEN;89;92,78;100;91,67;85,79
KANWIL JAKARTA 2;AREA CIRENDEU;CP PASAR CIPUTAT;KONVEN;82;86,67;100;84,72;81,57
KANWIL JAKARTA 2;AREA CIRENDEU;CP PAMULANG;KONVEN;76;73,33;50;83,33;82,04
KANWIL JAKARTA 2;AREA TANJUNG PRIUK;CP MALL ARTHA GADING;KONVEN;81;80,83;100;83,73;87,46
KANWIL JAKARTA 2;AREA TANJUNG PRIUK;CP SUNTER;KONVEN;87;86,81;100;91,67;75,85
KANWIL JAKARTA 2;AREA TANJUNG PRIUK;CP MUARA KARANG;KONVEN;81;86,39;100;77,78;89,96
KANWIL JAKARTA 2;AREA CIRENDEU;CP BINTARO;KONVEN;83;92,78;100;91,67;79,33
KANWIL JAKARTA 2;AREA KEBAYORAN BARU;CP MALL AMBASSADOR;KONVEN;89;96,94;100;94,44;90,4
KANWIL JAKARTA 2;AREA KEBAYORAN BARU;CP KALIBATA;KONVEN;84;84,72;100;89,68;82,18
KANWIL JAKARTA 2;AREA TANGERANG;CP BSD CITY;KONVEN;89;94,44;100;91,67;82,32
KANWIL JAKARTA 2;AREA TANJUNG PRIUK;CP GUNUNG SAHARI;KONVEN;92;88,06;100;94,44;92,9
KANWIL JAKARTA 2;AREA KEBAYORAN BARU;CP TEBET;KONVEN;79;90,83;100;86,11;74,27
KANWIL JAKARTA 2;AREA KEBAYORAN BARU;CP KEBAYORAN BARU;KONVEN;84;95,83;100;88,89;86,73
KANWIL JAKARTA 2;AREA CIRENDEU;CP PONDOK LABU;KONVEN;79;88,19;100;76,39;80,44
KANWIL JAKARTA 2;AREA KEBAYORAN BARU;CP PASAR MINGGU;KONVEN;79;91,67;100;81,19;70,52
KANWIL JAKARTA 2;AREA KEBAYORAN BARU;CPS KEMANG SELATAN;SYARIAH;83;91,39;100;91,67;78,43
KANWIL JAKARTA 2;AREA KALIDERES;CPS BOTANICAL JUNCTION;SYARIAH;83;94,44;100;88,57;85,24
KANWIL JAKARTA 2;AREA KALIDERES;CPS DAAN MOGOT;SYARIAH;82;92,36;100;77,98;82,38
KANWIL JAKARTA 2;AREA KALIDERES;CP GROGOL;KONVEN;77;90,83;100;80,56;69,9
KANWIL JAKARTA 2;AREA KALIDERES;CP KEMANDORAN;KONVEN;80;94,44;100;84,72;78,12
KANWIL JAKARTA 2;AREA KALIDERES;CP TANJUNG DUREN;KONVEN;81;85,42;100;81,94;85,12
KANWIL JAKARTA 2;AREA KEBAYORAN BARU;CP KEBAYORAN LAMA;KONVEN;80;96,94;100;63,89;81,73
KANWIL JAKARTA 2;AREA KEBAYORAN BARU;CP MAMPANG;KONVEN;90;96,67;100;81,94;91,03
KANWIL JAKARTA 2;AREA KEBAYORAN BARU;CP BLOK A;KONVEN;79;91,11;100;75;80,52
KANWIL JAKARTA 2;AREA KALIDERES;CP GANG KETAPANG;KONVEN;71;87,78;100;95,24;50,63
KANWIL JAKARTA 2;AREA KALIDERES;CP KALIDERES;KONVEN;83;81,94;100;91,67;89,7
KANWIL JAKARTA 2;AREA TANGERANG;CP PASAR MODERN;KONVEN;82;91,39;100;88,89;75,36
KANWIL JAKARTA 2;AREA TANGERANG;CPS KEPANDEAN;SYARIAH;80;80,42;75;72,22;86,63
KANWIL JAKARTA 2;AREA KALIDERES;CP MERUYA;KONVEN;83;85,42;100;91,11;81,41
KANWIL JAKARTA 2;AREA TANGERANG;CP KARAWACI;KONVEN;73;70,69;100;61,47;82,74
KANWIL PALEMBANG;AREA PALEMBANG;CP LEMABANG;KONVEN;92;95,83;100;92,06;85,6
KANWIL PALEMBANG;AREA LAMPUNG;CPS RADIN INTAN;SYARIAH;83;92,5;100;94,44;75,3
KANWIL PALEMBANG;AREA LAMPUNG;CP TANJUNG KARANG TIMUR;KONVEN;86;96,94;100;91,67;74,19
KANWIL PALEMBANG;AREA LAMPUNG;CP TELUK BETUNG;KONVEN;82;86,67;100;82,18;89,01
KANWIL PALEMBANG;AREA LAMPUNG;CP TANJUNG KARANG PUSAT;KONVEN;84;86,25;75;86,11;82,62
KANWIL PALEMBANG;AREA PALEMBANG;CP PANGKAL PINANG;KONVEN;72;83,19;100;62,5;67,82
KANWIL PALEMBANG;AREA PALEMBANG;CP PALEMBANG;KONVEN;83;81,67;75;79,8;79,88
KANWIL PALEMBANG;AREA PALEMBANG;CP KENTEN;KONVEN;88;97,92;100;88,33;81,73
KANWIL PALEMBANG;AREA JAMBI;CP BENGKULU;KONVEN;82;89,17;100;76,23;74,21
KANWIL PALEMBANG;AREA PALEMBANG;CP BATURAJA;KONVEN;79;79,03;100;62,42;88,21
KANWIL PALEMBANG;AREA LAMPUNG;CP KOTABUMI;KONVEN;89;96,94;100;88,89;81,15
KANWIL PALEMBANG;AREA PALEMBANG;CP MUARAENIM;KONVEN;58;70,56;100;66,67;41,45
KANWIL PALEMBANG;AREA LAMPUNG;CP BANDARJAYA;KONVEN;84;87,5;100;80,56;81,63
KANWIL PALEMBANG;AREA LAMPUNG;CP KEDATON;KONVEN;88;85,56;100;97,22;78,15
KANWIL PALEMBANG;AREA JAMBI;CP SIMPANG PULAI;KONVEN;74;92,08;100;70,63;82,32
KANWIL PALEMBANG;AREA JAMBI;CP JAMBI;KONVEN;88;90;100;86,35;83,21
KANWIL PALEMBANG;AREA JAMBI;CPS JELUTUNG;SYARIAH;81;93,33;100;89,13;88,71
KANWIL PALEMBANG;AREA PALEMBANG;CP PALLIMA;KONVEN;91;95,56;100;95,24;87,66
KANWIL PALEMBANG;AREA PALEMBANG;CP LAHAT;KONVEN;83;98,33;100;75;77,94
KANWIL PALEMBANG;AREA PALEMBANG;CP SEKIP;KONVEN;82;100;100;84,72;80,24
KANWIL PALEMBANG;AREA JAMBI;CP MAYANG MANGURAI;KONVEN;72;95,83;100;83,73;48,91
KANWIL PALEMBANG;AREA JAMBI;CP LUBUK LINGGAU;KONVEN;81;93,06;100;69,44;77,26
KANWIL PALEMBANG;AREA PALEMBANG;CP PRABUMULIH;KONVEN;70;80,28;100;80,36;73,59
KANWIL PALEMBANG;AREA PALEMBANG;CP JAKABARING;KONVEN;86;100;100;91,67;94,21
KANWIL PALEMBANG;AREA JAMBI;CP SIPIN;KONVEN;82;90,28;100;96,67;82,2
KANWIL PALEMBANG;AREA JAMBI;CP MUARA BUNGO;KONVEN;89;79,17;100;97,22;86,21
KANWIL PALEMBANG;AREA PALEMBANG;CPS BATURAJA;SYARIAH;82;83,89;100;77,06;81,07
KANWIL PALEMBANG;AREA PALEMBANG;CPS SIMPANG PATAL;SYARIAH;81;100;100;79,17;83,29
KANWIL PALEMBANG;AREA JAMBI;CP CURUP;KONVEN;77;97,22;100;71,47;61,55
KANWIL PEKANBARU;AREA BATAM;CP TANJUNGPINANG TIMUR;KONVEN;91;92,36;100;93,06;84,9
KANWIL PEKANBARU;AREA PEKANBARU;CP PANGKALAN KERINCI;KONVEN;83;100;100;90,28;77,2
KANWIL PEKANBARU;AREA BATAM;CP TANJUNG BALAI KARIMUN;KONVEN;91;91,11;100;94,29;90,95
KANWIL PEKANBARU;AREA BATAM;CPS SEI PANAS;SYARIAH;88;100;100;83,33;80,2
KANWIL PEKANBARU;AREA BATAM;CP TANJUNG PINANG;KONVEN;81;93,75;100;80,56;86,43
KANWIL PEKANBARU;AREA PEKANBARU;CP PEKANBARU KOTA;KONVEN;84;85,83;100;84,72;81,09
KANWIL PEKANBARU;AREA PEKANBARU;CP PASAR KODIM;KONVEN;80;80,56;75;75;76,92
KANWIL PEKANBARU;AREA PEKANBARU;CP PANAM;KONVEN;79;100;100;75;75,95
KANWIL PEKANBARU;AREA PEKANBARU;CPS SUBRANTAS;SYARIAH;82;93,75;100;81,94;81,09
KANWIL PEKANBARU;AREA BATAM;CP SEI JODOH;KONVEN;88;97,92;100;86,11;83,59
KANWIL PEKANBARU;AREA BATAM;CP BUKIT BESTARI;KONVEN;82;90,69;100;79,8;78,29
KANWIL PEKANBARU;AREA BATAM;CP BENGKONG;KONVEN;88;100;100;91,67;79,56
KANWIL PEKANBARU;AREA BATAM;CP BATU AJI;KONVEN;89;90,28;100;84,4;86,67
KANWIL PEKANBARU;AREA BATAM;CP CIPTA PURI;KONVEN;96;95;100;95,83;95,95
KANWIL PEKANBARU;AREA PEKANBARU;CPS AHMAD YANI;SYARIAH;89;98,61;100;90,28;82,2
KANWIL PEKANBARU;AREA BATAM;CPS KARINA;SYARIAH;89;93,06;100;91,07;85,91
KANWIL PEKANBARU;AREA PEKANBARU;CP DURI;KONVEN;81;95,83;100;87,5;72,8
KANWIL PEKANBARU;AREA PEKANBARU;CP DUMAI;KONVEN;88;90,69;100;90,28;78,87
KANWIL PEKANBARU;AREA BATAM;CP MEGA LEGENDA;KONVEN;86;85,14;100;91,67;80,4
KANWIL PEKANBARU;AREA PADANG;CP SOLOK;KONVEN;71;82,78;100;79,17;66,69
KANWIL PEKANBARU;AREA BATAM;CP NAGOYA;KONVEN;89;92,5;100;95,24;84,19
KANWIL PEKANBARU;AREA PADANG;CP SUNGAI PENUH;KONVEN;95;93,33;100;100;95,6
KANWIL PALEMBANG;AREA JAMBI;CPS SIMPANG SEKIP;SYARIAH;81;89,17;75;81,39;83,49
KANWIL PEKANBARU;AREA PADANG;CP BUKIT TINGGI;KONVEN;68;96,67;100;94,44;51,19
KANWIL PEKANBARU;AREA PADANG;CP TERANDAM;KONVEN;66;83,47;100;81,94;61,29
KANWIL PEKANBARU;AREA PADANG;CP ULAK KARANG;KONVEN;66;89,44;100;76,39;47,24
KANWIL PEKANBARU;AREA PADANG;CP TAPI BANDAR;KONVEN;71;87,22;100;72,22;79,62
KANWIL PEKANBARU;AREA PADANG;CPS UJUNG GURUN;SYARIAH;71;95,83;100;62,5;50,52
KANWIL PEKANBARU;AREA BATAM;CP NATUNA;KONVEN;74;87,78;100;58,33;77,74
KANWIL MEDAN;AREA RANTAU PRAPAT;CP RANTAU PRAPAT;KONVEN;74;100;100;69,44;80,52
KANWIL BANDUNG;AREA BANDUNG 2;CP METRO;KONVEN;95;95,83;100;95,83;93,31
KANWIL MEDAN;AREA MEDAN 1;CP MEDAN KARYA;KONVEN;76;96,67;100;69,68;67,94
KANWIL MEDAN;AREA BANDA ACEH;CPS KEUTAPANG;SYARIAH;68;92,36;100;68,06;52,58
KANWIL BALIKPAPAN;AREA SAMARINDA;CP MARTADINATA;KONVEN;86;93,75;75;80,56;84,68
KANWIL BALIKPAPAN;AREA BANJARMASIN;CP PALANGKARAYA;KONVEN;63;82,78;100;48,57;55,75
KANWIL BALIKPAPAN;AREA TARAKAN;CP TARAKAN;KONVEN;88;83,75;100;100;93,45
KANWIL MANADO;AREA PALU;CP TOLITOLI;KONVEN;55;50,83;50;60,48;34,29
KANWIL MANADO;AREA MANADO 1;CP MANADO SELATAN;KONVEN;90;94,17;100;94,44;89,01
KANWIL JAKARTA 2;AREA TANGERANG;CP SERANG;KONVEN;72;61,11;75;91,67;61,81
KANWIL MAKASAR;AREA AMBON;CPS AMBON;SYARIAH;81;93,06;100;74,68;79,35
KANWIL BALIKPAPAN;AREA TARAKAN;CPS TARAKAN;SYARIAH;93;95,83;100;100;88,69
KANWIL JAKARTA 2;AREA KEBAYORAN BARU;CP PASAR RUMPUT;KONVEN;85;78,61;100;93,06;88,31
KANWIL JAKARTA 2;AREA KALIDERES;CP CENGKARENG;KONVEN;92;90;100;97,22;90,4
KANWIL SEMARANG;AREA SEMARANG;CP KARANGTURI;KONVEN;87;86,67;100;89,13;95,95
KANWIL BALIKPAPAN;AREA BANJARMASIN;CP PANGKALAN BUN;KONVEN;63;78,61;100;53,37;58,1
KANWIL MAKASAR;AREA BANTAENG;CP SINJAI;KONVEN;69;82,08;100;66,67;66,75
KANWIL PALEMBANG;AREA PALEMBANG;CP TANJUNG PANDAN;KONVEN;82;92,78;100;89,52;82,78
